CustomerID;FirstName;LastName;Title;Street;PostalCode;City;CountryCode_code;PhoneNumber;EMailAddress
000001;Theresia;Buchholm;Mrs.;Lerchenstr. 82;71116;Gaertringen;DE;+49-341-184709;theresia.buchholm@flight.example.de
000002;Johannes;Buchholm;Mr.;Muehltalstr. 14;68723;Schwetzingen;DE;+49-291-299232;johannes.buchholm@flight.example.de
000003;James;Buchholm;Mr.;Froschstr. 91;90419;Nuernberg;DE;+49-601-130850;james.buchholm@flight.example.de
000004;Thomas;Buchholm;Mr.;Hauptstr. 84;63263;Neu-Isenburg;DE;+49-394-339928;thomas.buchholm@flight.example.de
000005;Anna;Buchholm;Mrs.;Hasnerstrasse 13;4020;Linz;AT;+43-957-258037;anna.buchholm@flight.example.at
000006;Uli;Buchholm;Mrs.;Caspar-David-Friedrich-Str. 97;75757;Elsenz;DE;+49-367-156738;uli.buchholm@flight.example.de
000007;Jean-Luc;Buchholm;Mr.;Lake Shore Drive 92;22334;San Francisco;US;+1-848-371606;jean-luc.buchholm@flight.example.us
000008;August;Buchholm;Mr.;Lerchenstr. 23;64342;Seeheim-Jugenheim;DE;+49-184-089871;august.buchholm@flight.example.de
000009;Achim;Buchholm;Mr.;Stauboernchenstrasse 64;76137;Karlsruhe;DE;+49-797-976779;achim.buchholm@flight.example.de
000010;Irmtraut;Buchholm;Mrs.;Franz-Marc-Str. 31;69207;Kurt;DE;+49-417-532827;irmtraut.buchholm@flight.example.de
000011;Thilo;Buchholm;Mr.;Golden Gate Drive 10;17844;Washington;US;+1-178-451995;thilo.buchholm@flight.example.us
000012;Adam;Buchholm;Mr.;Via Giulio Cesare 55;00195;Roma;IT;+39-599-068501;adam.buchholm@flight.example.it
000013;Christa;Buchholm;Mrs.;Zwischergasse 28;64283;Darmstadt;DE;+49-202-786338;christa.buchholm@flight.example.de
000014;Andreas;Vrsic;Mr.;Carl-Metz Strasse 19;69190;Walldorf;DE;+49-290-279097;andreas.vrsic@flight.example.de
000015;Adam;Vrsic;Mr.;Via Giulio Cesare 55;00195;Roma;IT;+39-668-295457;adam.vrsic@flight.example.it
000016;Max;Vrsic;Mr.;Caspar-David-Friedrich-Str. 100;15344;Strausberg;DE;+49-182-347044;max.vrsic@flight.example.de
000017;Uli;Vrsic;Mrs.;Golden Gate Drive 96;63728;New Orleans;US;+1-877-138602;uli.vrsic@flight.example.us
000018;Max;Vrsic;Mr.;Rankestr. 100;15344;Strausberg;DE;+49-778-692286;max.vrsic@flight.example.de
000019;Uli;Vrsic;Mrs.;Franz-Marc-Str. 97;75757;Elsenz;DE;+49-444-014771;uli.vrsic@flight.example.de
000020;Uli;Jeremias;Mrs.;Waldmann 97;75757;Elsenz;DE;+49-964-656127;uli.jeremias@flight.example.de
000021;Johann;Jeremias;Mr.;Elzstrasse 16;68789;St. Leon-Rot;DE;+49-888-680507;johann.jeremias@flight.example.de
000022;Marta;Jeremias;Mrs.;Schillerstr. 73;69180;Wiesloch;DE;+49-597-642616;marta.jeremias@flight.example.de
000023;Uli;Jeremias;Mrs.;Schillerstr. 98;75757;Elsenz;DE;+49-402-216176;uli.jeremias@flight.example.de
000024;Siegfried;Jeremias;Mr.;Karl-Marx-Allee 99;70111;Reutlingen;DE;+49-327-932455;siegfried.jeremias@flight.example.de
000025;Uli;Jeremias;Mrs.;Golden Gate Drive 96;63728;New Orleans;US;+1-979-397077;uli.jeremias@flight.example.us
000026;Andrej;Jeremias;Mr.;Hasnerstrasse 11;4020;Linz;AT;+43-708-350117;andrej.jeremias@flight.example.at
000027;Jean;Jeremias;Mr.;Windstone Drive 49;76018;Arlington;US;+1-507-627802;jean.jeremias@flight.example.us
000028;Ruth;Jeremias;Mrs.;Akazienweg 80;71116;Gaertringen;DE;+49-561-068521;ruth.jeremias@flight.example.de
000029;Ruth;Jeremias;Mrs.;Gartenstr. 81;71116;Gaertringen;DE;+49-992-843745;ruth.jeremias@flight.example.de
000030;Holm;Jeremias;Mr.;Raupelsweg 30;69207;Kurt;DE;+49-361-117645;holm.jeremias@flight.example.de
000031;Johannes;Jeremias;Mr.;Froschstr. 15;68789;St. Leon-Rot;DE;+49-379-419386;johannes.jeremias@flight.example.de
000032;Simon;Jeremias;Mr.;Rankestr. 1;23496;Dielheim;DE;+49-565-525925;simon.jeremias@flight.example.de
000033;Walter;Jeremias;Mr.;Im Warmet 43;68163;Mannheim-Lindenhof;DE;+49-560-102459;walter.jeremias@flight.example.de
000034;Andrej;Gutenberg;Mr.;Hasnerstrasse 12;4020;Linz;AT;+43-541-295006;andrej.gutenberg@flight.example.at
000035;Jean-Luc;Gutenberg;Mr.;Voodoo Avenue 92;22334;San Francisco;US;+1-724-243193;jean-luc.gutenberg@flight.example.us
000036;Allen;Gutenberg;Mr.;Golden Gate Drive 64;07666;Teaneck;US;+1-461-048473;allen.gutenberg@flight.example.us
000037;Astrid;Gutenberg;Mrs.;Franz-Marc-Str. 80;71116;Gaertringen;DE;+49-554-155645;astrid.gutenberg@flight.example.de
000038;Peter;Gutenberg;Mr.;Stauboernchenstrasse 88;16233;Potsdam;DE;+49-936-608305;peter.gutenberg@flight.example.de
000039;Uli;Gutenberg;Mrs.;Ausserhalb 96;75757;Elsenz;DE;+49-727-032302;uli.gutenberg@flight.example.de
000040;Cindy;Gutenberg;Mrs.;rue Nieuport 51;06130;Grasse;FR;+33-614-244824;cindy.gutenberg@flight.example.fr
000041;Lee;Gutenberg;Mr.;Oak Street 66;07666;Teaneck;US;+1-777-577758;lee.gutenberg@flight.example.us
000042;Ruth;Gutenberg;Mrs.;Akazienweg 80;71116;Gaertringen;DE;+49-253-734727;ruth.gutenberg@flight.example.de
000043;Volker;Gutenberg;Mr.;Wilhelminentr. 4;86343;Koenigsbrunn;DE;+49-216-423891;volker.gutenberg@flight.example.de
000044;Kurt;Gutenberg;Mr.;Gruenlingweg 37;68753;Amelie;DE;+49-346-339582;kurt.gutenberg@flight.example.de
000045;Friedrich;Gutenberg;Mr.;Ausserhalb 85;63263;Neu-Isenburg;DE;+49-929-637659;friedrich.gutenberg@flight.example.de
000046;Mathilde;Gutenberg;Mrs.;Melissenstr. 22;64342;Seeheim-Jugenheim;DE;+49-143-043896;mathilde.gutenberg@flight.example.de
000047;Benjamin;Gutenberg;Mr.;Rue Balzac 94;75839;Paris;FR;+33-702-290855;benjamin.gutenberg@flight.example.fr
000048;Florian;Fischmann;Mr.;Sagamore St. 69;17758;N. Massapequa;US;+1-402-838641;florian.fischmann@flight.example.us
000049;Guillermo;Fischmann;Mr.;Lake Shore Drive 68;17758;N. Massapequa;US;+1-658-201545;guillermo.fischmann@flight.example.us
000050;Matthias;Fischmann;Mr.;Meerfeldstr. 40;67105;Schifferstadt;DE;+49-408-391502;matthias.fischmann@flight.example.de
000051;Christine;Fischmann;Mrs.;Pza. Pablo Ruiz Picasso 76;41006;Sevilla;ES;+34-575-380123;christine.fischmann@flight.example.es
000052;Salvador;Fischmann;Mr.;Camelias 75;08014;Barcelona;ES;+34-897-813632;salvador.fischmann@flight.example.es
000053;Salvador;Fischmann;Mr.;Pza. Pablo Ruiz Picasso 75;08014;Barcelona;ES;+34-267-608201;salvador.fischmann@flight.example.es
000054;Chantal;Columbo;Mrs.;rue Voltaire 48;B - 1030;Bruxelles;BE;+32-516-362256;chantal.columbo@flight.example.be
000055;Matthias;Columbo;Mr.;Franz-Marc-Str. 40;67105;Schifferstadt;DE;+49-385-402292;matthias.columbo@flight.example.de
000056;Walter;Columbo;Mr.;Im Warmet 43;68163;Mannheim-Lindenhof;DE;+49-257-613249;walter.columbo@flight.example.de
000057;Lee;Columbo;Mr.;Oak Street 66;07666;Teaneck;US;+1-883-722676;lee.columbo@flight.example.us
000058;Christoph;Columbo;Mr.;Erlengrund 18;69231;Rauenberg;DE;+49-306-848583;christoph.columbo@flight.example.de
000059;Christoph;Columbo;Mr.;Arndtstrasse 18;69231;Rauenberg;DE;+49-131-183282;christoph.columbo@flight.example.de
000060;Holm;Columbo;Mr.;Karl-Schwaner-Str. 31;69207;Kurt;DE;+49-268-164747;holm.columbo@flight.example.de
000061;Ulla;Columbo;Mrs.;Camelias 71;28020;Madrid;ES;+34-810-781441;ulla.columbo@flight.example.es
000062;Ruth;Columbo;Mrs.;Erlengrund 80;71116;Gaertringen;DE;+49-569-107478;ruth.columbo@flight.example.de
000063;Volker;Columbo;Mr.;Im Warmet 4;86343;Koenigsbrunn;DE;+49-864-200980;volker.columbo@flight.example.de
000064;Irmtraut;Columbo;Mrs.;Karl-Marx-Allee 32;79104;Freiburg;DE;+49-435-675969;irmtraut.columbo@flight.example.de
000065;Christa;Columbo;Mrs.;Rankestr. 28;64283;Darmstadt;DE;+49-576-667502;christa.columbo@flight.example.de
000066;Peter;Columbo;Mr.;Goeckinghofstr. 88;16233;Potsdam;DE;+49-373-908611;peter.columbo@flight.example.de
000067;Jasmin;Columbo;Mrs.;Zwischergasse 5;86343;Koenigsbrunn;DE;+49-357-207833;jasmin.columbo@flight.example.de
000068;Johann;Columbo;Mr.;Ausfallstr. 15;68789;St. Leon-Rot;DE;+49-372-872364;johann.columbo@flight.example.de
000069;Thilo;Neubasler;Mr.;Sagamore St. 10;17844;Washington;US;+1-726-883966;thilo.neubasler@flight.example.us
000070;Max;Neubasler;Mr.;Ausserhalb 100;15344;Strausberg;DE;+49-813-577391;max.neubasler@flight.example.de
000071;Theresia;Neubasler;Mrs.;Sagamore St. 83;60657;Chicago;US;+1-253-665685;theresia.neubasler@flight.example.us
000072;Theresia;Neubasler;Mrs.;Voodoo Avenue 83;60657;Chicago;US;+1-535-296054;theresia.neubasler@flight.example.us
000073;Florian;Neubasler;Mr.;Golden Gate Drive 70;09765;Boulder;US;+1-335-171043;florian.neubasler@flight.example.us
000074;Anna;Neubasler;Mrs.;Hasnerstrasse 13;4020;Linz;AT;+43-439-079672;anna.neubasler@flight.example.at
000075;Irmtraut;Neubasler;Mrs.;Karl-Marx-Allee 32;79104;Freiburg;DE;+49-535-920873;irmtraut.neubasler@flight.example.de
000076;Christine;Neubasler;Mrs.;Caspar-David-Friedrich-Str. 77;75305;Neuenburg;DE;+49-840-161517;christine.neubasler@flight.example.de
000077;Hendrik;Neubasler;Mr.;Sagamore St. 96;63728;New Orleans;US;+1-208-624417;hendrik.neubasler@flight.example.us
000078;Jean;Neubasler;Mr.;Sagamore St. 50;76018;Arlington;US;+1-966-548822;jean.neubasler@flight.example.us
000079;Volker;Neubasler;Mr.;Zwischergasse 4;86343;Koenigsbrunn;DE;+49-963-864212;volker.neubasler@flight.example.de
000080;Lee;Neubasler;Mr.;Voodoo Avenue 67;17758;N. Massapequa;US;+1-703-543129;lee.neubasler@flight.example.us
000081;Sophie;Neubasler;Mrs.;Rue Balzac 44;78140;Vélizy;FR;+33-757-179298;sophie.neubasler@flight.example.fr
000082;Anna;Neubasler;Mrs.;Hasnerstrasse 13;4020;Linz;AT;+43-314-016658;anna.neubasler@flight.example.at
000083;Horst;Neubasler;Mr.;Karl-Schwaner-Str. 39;68163;Mannheim;DE;+49-793-230198;horst.neubasler@flight.example.de
000084;Mathilde;Martin;Mrs.;Stiftsbogen 22;58332;Schwelm;DE;+49-538-792547;mathilde.martin@flight.example.de
000085;Christine;Martin;Mrs.;Elzstrasse 77;75305;Neuenburg;DE;+49-817-725651;christine.martin@flight.example.de
000086;Jasmin;Martin;Mrs.;Gruenlingweg 6;86343;Koenigsbrunn;DE;+49-289-644110;jasmin.martin@flight.example.de
000087;Astrid;Martin;Mrs.;N7, 80;71116;Gaertringen;DE;+49-350-851827;astrid.martin@flight.example.de
000088;Volker;Martin;Mr.;Zwischergasse 4;86343;Koenigsbrunn;DE;+49-226-572643;volker.martin@flight.example.de
000089;Andreas;Martin;Mr.;Carl-Metz Strasse 19;69190;Walldorf;DE;+49-526-056032;andreas.martin@flight.example.de
000090;Amelie;Martin;Mrs.;Caspar-David-Friedrich-Str. 41;68163;Mannheim-Lindenhof;DE;+49-730-786042;amelie.martin@flight.example.de
000091;Jean;Detemple;Mr.;Federal Avenue 49;76018;Arlington;US;+1-149-196991;jean.detemple@flight.example.us
000092;Claire;Detemple;Mrs.;rue de Moillebeau 46;1211;Genève;CH;+41-197-711125;claire.detemple@flight.example.ch
000093;Sophie;Detemple;Mrs.;route de Pégomas 45;78140;Vélizy;FR;+33-413-794457;sophie.detemple@flight.example.fr
000094;Jean;Detemple;Mr.;Windstone Drive 49;76018;Arlington;US;+1-898-378215;jean.detemple@flight.example.us
000095;Allen;Detemple;Mr.;17th St. 65;07666;Teaneck;US;+1-632-320607;allen.detemple@flight.example.us
000096;Astrid;Detemple;Mrs.;Alte Reichsstr. 80;71116;Gaertringen;DE;+49-448-790277;astrid.detemple@flight.example.de
000097;Ulla;Detemple;Mrs.;Pza. Pablo Ruiz Picasso 71;28020;Madrid;ES;+34-438-265507;ulla.detemple@flight.example.es
000098;Jean-Luc;Detemple;Mr.;17th St. 93;22334;San Francisco;US;+1-756-085031;jean-luc.detemple@flight.example.us
000099;Christine;Detemple;Mrs.;Pza. Pablo Ruiz Picasso 76;41006;Sevilla;ES;+34-262-297947;christine.detemple@flight.example.es
000100;Ruth;Detemple;Mrs.;Lerchenstr. 81;71116;Gaertringen;DE;+49-959-584393;ruth.detemple@flight.example.de
000101;Christa;Detemple;Mrs.;N7, 28;64283;Darmstadt;DE;+49-872-561371;christa.detemple@flight.example.de
000102;Ulla;Barth;Mrs.;Camelias 71;28020;Madrid;ES;+34-891-254261;ulla.barth@flight.example.es
000103;Guillermo;Barth;Mr.;Lake Shore Drive 68;17758;N. Massapequa;US;+1-649-611786;guillermo.barth@flight.example.us
000104;Simon;Barth;Mr.;Auf dem Huegel 1;23496;Dielheim;DE;+49-997-680123;simon.barth@flight.example.de
000105;Lee;Barth;Mr.;Oak Street 66;07666;Teaneck;US;+1-773-027654;lee.barth@flight.example.us
000106;Juan;Barth;Mr.;Camelias 72;28020;Madrid;ES;+34-726-013617;juan.barth@flight.example.es
000107;Christoph;Barth;Mr.;Auf dem Huegel 17;66464;Homburg;DE;+49-480-553320;christoph.barth@flight.example.de
000108;Allen;Barth;Mr.;Lake Shore Drive 65;07666;Teaneck;US;+1-640-940542;allen.barth@flight.example.us
000109;Anna;Barth;Mrs.;Hasnerstrasse 12;4020;Linz;AT;+43-932-969301;anna.barth@flight.example.at
000110;Claire;Benz;Mrs.;rue de Moillebeau 46;1211;Genève;CH;+41-519-324394;claire.benz@flight.example.ch
000111;Cindy;Benz;Mrs.;Lake Shore Drive 50;76018;Arlington;US;+1-458-592947;cindy.benz@flight.example.us
000112;Dominik;Benz;Mr.;Arndtstrasse 78;75305;Neuenburg;DE;+49-511-874606;dominik.benz@flight.example.de
000113;Uli;Benz;Mrs.;Ausserhalb 96;75757;Elsenz;DE;+49-416-309814;uli.benz@flight.example.de
000114;Lothar;Benz;Mr.;Arionweg 58;67663;Kaiserslautern;DE;+49-514-810697;lothar.benz@flight.example.de
000115;Laura;Benz;Mrs.;Am Deich 35;79312;Emmendingen;DE;+49-871-814327;laura.benz@flight.example.de
000116;Peter;Hansmann;Mr.;Gruenlingweg 88;16233;Potsdam;DE;+49-657-264522;peter.hansmann@flight.example.de
000117;Annemarie;Hansmann;Mrs.;Karl-Marx-Allee 59;66386;St. Ingbert;DE;+49-862-474532;annemarie.hansmann@flight.example.de
000118;Ruth;Hansmann;Mrs.;Lerchenstr. 81;71116;Gaertringen;DE;+49-440-688092;ruth.hansmann@flight.example.de
000119;August;Hansmann;Mr.;Ausfallstr. 23;69121;Heidelberg;DE;+49-877-296608;august.hansmann@flight.example.de
000120;Harish;Hansmann;Mr.;Im Warmet 2;23496;Dielheim;DE;+49-314-581556;harish.hansmann@flight.example.de
000121;Salvador;Hansmann;Mr.;Camelias 76;41006;Sevilla;ES;+34-566-085666;salvador.hansmann@flight.example.es
000122;Theresia;Hansmann;Mrs.;Voodoo Avenue 83;60657;Chicago;US;+1-825-321406;theresia.hansmann@flight.example.us
000123;Georg;Hansmann;Mr.;Max-Planck-Str. 26;63150;Heusenstamm;DE;+49-573-331410;georg.hansmann@flight.example.de
000124;Theresia;Hansmann;Mrs.;Voodoo Avenue 83;60657;Chicago;US;+1-504-147677;theresia.hansmann@flight.example.us
000125;Cindy;Hansmann;Mrs.;rue Nieuport 51;06130;Grasse;FR;+33-325-787831;cindy.hansmann@flight.example.fr
000126;Benjamin;Hansmann;Mr.;route de Pégomas 95;75839;Paris;FR;+33-633-420544;benjamin.hansmann@flight.example.fr
000127;Ulla;Koslowski;Mrs.;Pza. Pablo Ruiz Picasso 70;28020;Madrid;ES;+34-671-137371;ulla.koslowski@flight.example.es
000128;Amelie;Koslowski;Mrs.;Stiftsbogen 42;68163;Mannheim-Lindenhof;DE;+49-852-697269;amelie.koslowski@flight.example.de
000129;Anne-Marie;Koslowski;Mrs.;Froschstr. 90;90419;Nuernberg;DE;+49-995-506786;anne-marie.koslowski@flight.example.de
000130;Walter;Koslowski;Mr.;Im Warmet 43;68163;Mannheim-Lindenhof;DE;+49-270-717981;walter.koslowski@flight.example.de
000131;Uli;Koslowski;Mrs.;Ausserhalb 96;75757;Elsenz;DE;+49-574-978446;uli.koslowski@flight.example.de
000132;Annemarie;Koslowski;Mrs.;Schillerstr. 59;66386;St. Ingbert;DE;+49-173-568487;annemarie.koslowski@flight.example.de
000133;Adam;Koslowski;Mr.;Via Giulio Cesare 55;00195;Roma;IT;+39-962-806195;adam.koslowski@flight.example.it
000134;Johann;Koslowski;Mr.;Elzstrasse 16;68789;St. Leon-Rot;DE;+49-531-068633;johann.koslowski@flight.example.de
000135;Johannes;Wohl;Mr.;Melissenstr. 14;68723;Schwetzingen;DE;+49-911-530742;johannes.wohl@flight.example.de
000136;Christine;Wohl;Mrs.;Carl-Metz Strasse 77;75305;Neuenburg;DE;+49-521-329143;christine.wohl@flight.example.de
000137;Johann;Wohl;Mr.;Emil-Heckel-Str. 15;68789;St. Leon-Rot;DE;+49-963-767155;johann.wohl@flight.example.de
000138;August;Wohl;Mr.;Hauptstr. 24;69121;Heidelberg;DE;+49-802-467568;august.wohl@flight.example.de
000139;Georg;Wohl;Mr.;Stauboernchenstrasse 26;63150;Heusenstamm;DE;+49-754-081534;georg.wohl@flight.example.de
000140;Ruth;Wohl;Mrs.;Dudweilerstr. 81;71116;Gaertringen;DE;+49-188-916625;ruth.wohl@flight.example.de
000141;Friedrich;Wohl;Mr.;Meerfeldstr. 85;63263;Neu-Isenburg;DE;+49-293-431913;friedrich.wohl@flight.example.de
000142;Max;Koller;Mr.;Akazienweg 99;70111;Reutlingen;DE;+49-573-480651;max.koller@flight.example.de
000143;Georg;Koller;Mr.;Waldmann 26;63150;Heusenstamm;DE;+49-699-954610;georg.koller@flight.example.de
000144;Ludwig;Koller;Mr.;Jacobistrasse 34;79104;Freiburg;DE;+49-358-532865;ludwig.koller@flight.example.de
000145;Theresia;Koller;Mrs.;Lerchenstr. 82;71116;Gaertringen;DE;+49-306-722748;theresia.koller@flight.example.de
000146;Holm;Koller;Mr.;Dudweilerstr. 30;69207;Kurt;DE;+49-972-411478;holm.koller@flight.example.de
000147;Illya;Koller;Mr.;Akazienweg 25;63150;Heusenstamm;DE;+49-697-445356;illya.koller@flight.example.de
000148;Simon;Koller;Mr.;Leichhof 2;23496;Dielheim;DE;+49-463-914888;simon.koller@flight.example.de
000149;Benjamin;Koller;Mr.;rue Nieuport 93;75839;Paris;FR;+33-175-257299;benjamin.koller@flight.example.fr
000150;Mathilde;Koller;Mrs.;Marktplatz 22;64342;Seeheim-Jugenheim;DE;+49-982-887931;mathilde.koller@flight.example.de
000151;Kurt;Koller;Mr.;Mutterstadter Str. 35;79312;Emmendingen;DE;+49-947-567463;kurt.koller@flight.example.de
000152;James;Koller;Mr.;Auf dem Huegel 91;90419;Nuernberg;DE;+49-437-151986;james.koller@flight.example.de
000153;Stephen;Hoffen;Mr.;Gartenstr. 20;69190;Walldorf;DE;+49-535-568519;stephen.hoffen@flight.example.de
000154;Friedrich;Hoffen;Mr.;Ausserhalb 85;63263;Neu-Isenburg;DE;+49-172-186060;friedrich.hoffen@flight.example.de
000155;Georg;Hoffen;Mr.;N7, 26;63150;Heusenstamm;DE;+49-965-009687;georg.hoffen@flight.example.de
000156;Hendrik;Hoffen;Mr.;Voodoo Avenue 96;63728;New Orleans;US;+1-411-534257;hendrik.hoffen@flight.example.us
000157;Roland;Hoffen;Mr.;Arndtstrasse 62;79761;Waldshut;DE;+49-983-604979;roland.hoffen@flight.example.de
000158;Dominik;Hoffen;Mr.;Wilhelminentr. 78;75305;Neuenburg;DE;+49-932-804619;dominik.hoffen@flight.example.de
000159;Chantal;Hoffen;Mrs.;rue Voltaire 48;B - 1030;Bruxelles;BE;+32-225-812133;chantal.hoffen@flight.example.be
000160;Max;Hoffen;Mr.;Akazienweg 99;70111;Reutlingen;DE;+49-196-529241;max.hoffen@flight.example.de
000161;Kurt;Hoffen;Mr.;Waldmann 36;79312;Emmendingen;DE;+49-246-991541;kurt.hoffen@flight.example.de
000162;Felix;Hoffen;Mr.;Schillerstr. 7;55128;Mainz;DE;+49-289-377127;felix.hoffen@flight.example.de
000163;Thomas;Hoffen;Mr.;Lake Shore Drive 84;60657;Chicago;US;+1-380-236678;thomas.hoffen@flight.example.us
000164;Astrid;Hoffen;Mrs.;Alte Reichsstr. 80;71116;Gaertringen;DE;+49-903-753139;astrid.hoffen@flight.example.de
000165;Annemarie;Hoffen;Mrs.;Karl-Marx-Allee 59;66386;St. Ingbert;DE;+49-866-997418;annemarie.hoffen@flight.example.de
000166;Ida;Hoffen;Mrs.;Raupelsweg 60;66386;St. Ingbert;DE;+49-266-568353;ida.hoffen@flight.example.de
000167;Adam;Hoffen;Mr.;Via Giulio Cesare 55;00195;Roma;IT;+39-352-428390;adam.hoffen@flight.example.it
000168;Marta;Dumbach;Mrs.;Albert-Schweitzer-Str. 74;69180;Wiesloch;DE;+49-421-361520;marta.dumbach@flight.example.de
000169;Jean-Luc;Dumbach;Mr.;17th St. 92;22334;San Francisco;US;+1-795-828240;jean-luc.dumbach@flight.example.us
000170;Florian;Dumbach;Mr.;Golden Gate Drive 70;09765;Boulder;US;+1-227-454875;florian.dumbach@flight.example.us
000171;Christa;Dumbach;Mrs.;Caspar-David-Friedrich-Str. 29;69207;Kurt;DE;+49-809-764073;christa.dumbach@flight.example.de
000172;Guillermo;Dumbach;Mr.;Lake Shore Drive 68;17758;N. Massapequa;US;+1-839-128172;guillermo.dumbach@flight.example.us
000173;Christine;Dumbach;Mrs.;Pza. Pablo Ruiz Picasso 76;41006;Sevilla;ES;+34-625-816117;christine.dumbach@flight.example.es
000174;Matthias;Dumbach;Mr.;Franz-Marc-Str. 40;67105;Schifferstadt;DE;+49-865-278575;matthias.dumbach@flight.example.de
000175;Christine;Dumbach;Mrs.;Pza. Pablo Ruiz Picasso 76;41006;Sevilla;ES;+34-150-634637;christine.dumbach@flight.example.es
000176;Fabio;Dumbach;Mr.;Lerchenstr. 57;81375;Muenchen;DE;+49-410-499394;fabio.dumbach@flight.example.de
000177;Horst;Dumbach;Mr.;Heidelberger Str. 39;68163;Mannheim;DE;+49-305-350819;horst.dumbach@flight.example.de
000178;Mathilde;Dumbach;Mrs.;Max-Planck-Str. 21;58332;Schwelm;DE;+49-763-518482;mathilde.dumbach@flight.example.de
000179;Lothar;Dumbach;Mr.;Arndtstrasse 57;67663;Kaiserslautern;DE;+49-463-216061;lothar.dumbach@flight.example.de
000180;Irene;Dumbach;Mrs.;Wilhelminentr. 53;27299;Langwedel;DE;+49-964-337534;irene.dumbach@flight.example.de
000181;Kristina;Dumbach;Mrs.;Albert-Schweitzer-Str. 8;11111;Berlin;DE;+49-706-020368;kristina.dumbach@flight.example.de
000182;Matthias;Dumbach;Mr.;Meerfeldstr. 41;67105;Schifferstadt;DE;+49-213-551757;matthias.dumbach@flight.example.de
000183;Jasmin;Goelke;Mrs.;N7, 6;55128;Mainz;DE;+49-585-004349;jasmin.goelke@flight.example.de
000184;Kurt;Goelke;Mr.;Waldmann 36;79312;Emmendingen;DE;+49-849-828392;kurt.goelke@flight.example.de
000185;Irene;Goelke;Mrs.;Albert-Schweitzer-Str. 54;27299;Langwedel;DE;+49-841-356888;irene.goelke@flight.example.de
000186;Annemarie;Goelke;Mrs.;Marktplatz 60;66386;St. Ingbert;DE;+49-641-524503;annemarie.goelke@flight.example.de
000187;Dominik;Goelke;Mr.;Wilhelminentr. 78;75305;Neuenburg;DE;+49-429-860183;dominik.goelke@flight.example.de
000188;Kurt;Goelke;Mr.;Arndtstrasse 36;79312;Emmendingen;DE;+49-343-838437;kurt.goelke@flight.example.de
000189;Benjamin;Goelke;Mr.;Rue Balzac 94;75839;Paris;FR;+33-417-405340;benjamin.goelke@flight.example.fr
000190;Uli;Goelke;Mrs.;Franz-Marc-Str. 97;75757;Elsenz;DE;+49-179-645798;uli.goelke@flight.example.de
000191;Anna;Goelke;Mrs.;Hasnerstrasse 13;4020;Linz;AT;+43-450-186491;anna.goelke@flight.example.at
000192;Johann;Goelke;Mr.;Albert-Schweitzer-Str. 16;68789;St. Leon-Rot;DE;+49-757-505928;johann.goelke@flight.example.de
000193;Lothar;Goelke;Mr.;Ausserhalb 57;67663;Kaiserslautern;DE;+49-914-779168;lothar.goelke@flight.example.de
000194;Matthias;Goelke;Mr.;Heidelberger Str. 40;67105;Schifferstadt;DE;+49-392-584555;matthias.goelke@flight.example.de
000195;Chantal;Goelke;Mrs.;rue Voltaire 47;B - 1030;Bruxelles;BE;+32-769-875278;chantal.goelke@flight.example.be
000196;Horst;Goelke;Mr.;Karl-Schwaner-Str. 39;67105;Schifferstadt;DE;+49-451-612020;horst.goelke@flight.example.de
000197;Simon;Goelke;Mr.;Carl-Metz Strasse 2;23496;Dielheim;DE;+49-859-898288;simon.goelke@flight.example.de
000198;Marta;Waldmann;Mrs.;Stauboernchenstrasse 73;69180;Wiesloch;DE;+49-951-643849;marta.waldmann@flight.example.de
000199;Laura;Waldmann;Mrs.;Jacobistrasse 34;79312;Emmendingen;DE;+49-330-659628;laura.waldmann@flight.example.de
000200;Horst;Waldmann;Mr.;Gruenlingweg 39;67105;Schifferstadt;DE;+49-512-442639;horst.waldmann@flight.example.de
000201;Christoph;Waldmann;Mr.;Auf dem Huegel 17;66464;Homburg;DE;+49-784-274202;christoph.waldmann@flight.example.de
000202;Jean-Luc;Waldmann;Mr.;Lake Shore Drive 93;22334;San Francisco;US;+1-556-564052;jean-luc.waldmann@flight.example.us
000203;Astrid;Waldmann;Mrs.;Alte Reichsstr. 80;71116;Gaertringen;DE;+49-622-300546;astrid.waldmann@flight.example.de
000204;Sophie;Waldmann;Mrs.;rue Nieuport 44;78140;Vélizy;FR;+33-579-059129;sophie.waldmann@flight.example.fr
000205;Irmtraut;Waldmann;Mrs.;Rankestr. 32;79104;Freiburg;DE;+49-714-329914;irmtraut.waldmann@flight.example.de
000206;Anneliese;Waldmann;Mrs.;N7, 87;23056;Buxtehude;DE;+49-308-025443;anneliese.waldmann@flight.example.de
000207;Irene;Waldmann;Mrs.;Zwischergasse 53;27299;Langwedel;DE;+49-571-840808;irene.waldmann@flight.example.de
000208;Roland;Waldmann;Mr.;Hauptstr. 63;76137;Karlsruhe;DE;+49-162-331318;roland.waldmann@flight.example.de
000209;Christoph;Waldmann;Mr.;Zwischergasse 17;66464;Homburg;DE;+49-854-467381;christoph.waldmann@flight.example.de
000210;Anna;Waldmann;Mrs.;Hasnerstrasse 12;4020;Linz;AT;+43-660-037499;anna.waldmann@flight.example.at
000211;Ida;Waldmann;Mrs.;Ausserhalb 61;79761;Waldshut;DE;+49-400-854667;ida.waldmann@flight.example.de
000212;Chantal;Waldmann;Mrs.;rue Voltaire 48;B - 1030;Bruxelles;BE;+32-430-747575;chantal.waldmann@flight.example.be
000213;Gisela;Mechler;Mrs.;Karl-Marx-Allee 27;64283;Darmstadt;DE;+49-849-688755;gisela.mechler@flight.example.de
000214;Laura;Mechler;Mrs.;Am Deich 35;79312;Emmendingen;DE;+49-285-415553;laura.mechler@flight.example.de
000215;Lee;Mechler;Mr.;Windstone Drive 66;07666;Teaneck;US;+1-932-984948;lee.mechler@flight.example.us
000216;Irene;Mechler;Mrs.;Akazienweg 53;27299;Langwedel;DE;+49-181-877396;irene.mechler@flight.example.de
000217;Florian;Mechler;Mr.;Voodoo Avenue 69;09765;Boulder;US;+1-241-647739;florian.mechler@flight.example.us
000218;Juan;Mechler;Mr.;Piedad 72;28020;Madrid;ES;+34-672-249571;juan.mechler@flight.example.es
000219;Salvador;Mechler;Mr.;Pza. Pablo Ruiz Picasso 75;41006;Sevilla;ES;+34-823-412420;salvador.mechler@flight.example.es
000220;Max;Mechler;Mr.;Akazienweg 99;70111;Reutlingen;DE;+49-682-528204;max.mechler@flight.example.de
000221;Claire;Mechler;Mrs.;route de Pégomas 46;78140;Vélizy;FR;+33-304-263768;claire.mechler@flight.example.fr
000222;Juan;Mechler;Mr.;Dudweilerstr. 73;69180;Wiesloch;DE;+49-850-433660;juan.mechler@flight.example.de
000223;Kristina;Mechler;Mrs.;Voodoo Avenue 9;17844;Washington;US;+1-279-900082;kristina.mechler@flight.example.us
000224;James;Mechler;Mr.;Lake Shore Drive 92;22334;San Francisco;US;+1-581-513302;james.mechler@flight.example.us
000225;August;Mechler;Mr.;Goeckinghofstr. 23;69121;Heidelberg;DE;+49-387-370136;august.mechler@flight.example.de
000226;Cindy;Mechler;Mrs.;rue Nieuport 51;06130;Grasse;FR;+33-606-202295;cindy.mechler@flight.example.fr
000227;Jean-Luc;Mechler;Mr.;Lake Shore Drive 92;22334;San Francisco;US;+1-879-173027;jean-luc.mechler@flight.example.us
000228;Fabio;Buehler;Mr.;Alte Reichsstr. 56;81375;Muenchen;DE;+49-909-058710;fabio.buehler@flight.example.de
000229;Johann;Buehler;Mr.;Mutterstadter Str. 16;68789;St. Leon-Rot;DE;+49-536-883299;johann.buehler@flight.example.de
000230;Cindy;Buehler;Mrs.;rue Nieuport 51;06130;Grasse;FR;+33-620-659410;cindy.buehler@flight.example.fr
000231;Theresia;Buehler;Mrs.;Golden Gate Drive 83;60657;Chicago;US;+1-240-674677;theresia.buehler@flight.example.us
000232;Claire;Buehler;Mrs.;rue de Moillebeau 47;1211;Genève;CH;+41-561-829425;claire.buehler@flight.example.ch
000233;Adam;Buehler;Mr.;Friedensallee 54;69483;Wald-Michelbach;DE;+49-508-546233;adam.buehler@flight.example.de
000234;Adam;Heller;Mr.;Via Giulio Cesare 55;00195;Roma;IT;+39-715-387086;adam.heller@flight.example.it
000235;Max;Heller;Mr.;Rankestr. 100;15344;Strausberg;DE;+49-134-936162;max.heller@flight.example.de
000236;Sophie;Heller;Mrs.;Rue Balzac 45;78140;Vélizy;FR;+33-787-246313;sophie.heller@flight.example.fr
000237;Kristina;Heller;Mrs.;Friedensallee 8;11111;Berlin;DE;+49-125-342907;kristina.heller@flight.example.de
000238;Friedrich;Heller;Mr.;Ausserhalb 86;23056;Buxtehude;DE;+49-917-383915;friedrich.heller@flight.example.de
000239;Sophie;Heller;Mrs.;rue Nieuport 45;78140;Vélizy;FR;+33-852-829006;sophie.heller@flight.example.fr
000240;Ida;Heller;Mrs.;Heidelberger Str. 61;79761;Waldshut;DE;+49-915-050787;ida.heller@flight.example.de
000241;Andrej;Heller;Mr.;Oak Street 11;17844;Washington;US;+1-677-591423;andrej.heller@flight.example.us
000242;Cindy;Heller;Mrs.;Lake Shore Drive 50;76018;Arlington;US;+1-933-422142;cindy.heller@flight.example.us
000243;Uli;Heller;Mrs.;Heidelberger Str. 97;75757;Elsenz;DE;+49-184-966937;uli.heller@flight.example.de
000244;Siegfried;Heller;Mr.;Karl-Marx-Allee 98;70111;Reutlingen;DE;+49-425-067403;siegfried.heller@flight.example.de
000245;Simon;Heller;Mr.;Stauboernchenstrasse 1;23496;Dielheim;DE;+49-936-995378;simon.heller@flight.example.de
000246;Volker;Simonen;Mr.;Zwischergasse 4;86343;Koenigsbrunn;DE;+49-385-298120;volker.simonen@flight.example.de
000247;Dominik;Simonen;Mr.;Hauptstr. 78;75305;Neuenburg;DE;+49-709-043988;dominik.simonen@flight.example.de
000248;Siegfried;Simonen;Mr.;Leichhof 98;70111;Reutlingen;DE;+49-452-726256;siegfried.simonen@flight.example.de
000249;Theresia;Simonen;Mrs.;17th St. 82;60657;Chicago;US;+1-540-692235;theresia.simonen@flight.example.us
000250;Guenther;Simonen;Mr.;Froschstr. 37;68753;Amelie;DE;+49-585-010709;guenther.simonen@flight.example.de
000251;Anneliese;Simonen;Mrs.;Froschstr. 87;16233;Potsdam;DE;+49-447-755909;anneliese.simonen@flight.example.de
000252;Guillermo;Simonen;Mr.;Lake Shore Drive 68;17758;N. Massapequa;US;+1-617-748920;guillermo.simonen@flight.example.us
000253;Kristina;Simonen;Mrs.;Voodoo Avenue 9;17844;Washington;US;+1-279-885346;kristina.simonen@flight.example.us
000254;Laura;Simonen;Mrs.;Heidelberger Str. 35;79312;Emmendingen;DE;+49-854-533613;laura.simonen@flight.example.de
000255;Matthias;Simonen;Mr.;Melissenstr. 40;67105;Schifferstadt;DE;+49-482-042576;matthias.simonen@flight.example.de
000256;Anneliese;Simonen;Mrs.;Froschstr. 86;23056;Buxtehude;DE;+49-529-978307;anneliese.simonen@flight.example.de
000257;Georg;Simonen;Mr.;Gemeindestr. 26;63150;Heusenstamm;DE;+49-328-779802;georg.simonen@flight.example.de
000258;Jasmin;Simonen;Mrs.;Wilhelminentr. 5;86343;Koenigsbrunn;DE;+49-896-874521;jasmin.simonen@flight.example.de
000259;Ruth;Simonen;Mrs.;Gartenstr. 81;71116;Gaertringen;DE;+49-911-411864;ruth.simonen@flight.example.de
000260;Lee;Simonen;Mr.;17th St. 67;17758;N. Massapequa;US;+1-725-267570;lee.simonen@flight.example.us
000261;Walter;Henry;Mr.;Gemeindestr. 44;68163;Mannheim-Lindenhof;DE;+49-838-117975;walter.henry@flight.example.de
000262;Salvador;Henry;Mr.;Pza. Pablo Ruiz Picasso 75;41006;Sevilla;ES;+34-564-190639;salvador.henry@flight.example.es
000263;James;Henry;Mr.;Federal Avenue 92;22334;San Francisco;US;+1-578-436927;james.henry@flight.example.us
000264;Johannes;Henry;Mr.;Marktplatz 14;68723;Schwetzingen;DE;+49-669-038868;johannes.henry@flight.example.de
000265;Andreas;Henry;Mr.;Lerchenstr. 19;69190;Walldorf;DE;+49-328-658017;andreas.henry@flight.example.de
000266;Siegfried;Henry;Mr.;Gruenlingweg 99;70111;Reutlingen;DE;+49-947-683380;siegfried.henry@flight.example.de
000267;Gisela;Henry;Mrs.;Im Warmet 27;64283;Darmstadt;DE;+49-499-403829;gisela.henry@flight.example.de
000268;Thilo;Henry;Mr.;Federal Avenue 10;17844;Washington;US;+1-305-168373;thilo.henry@flight.example.us
000269;Johann;Henry;Mr.;Lerchenstr. 15;68789;St. Leon-Rot;DE;+49-311-155983;johann.henry@flight.example.de
000270;Christa;Henry;Mrs.;N7, 29;64283;Darmstadt;DE;+49-232-059363;christa.henry@flight.example.de
000271;Johannes;Henry;Mr.;Muehltalstr. 14;68723;Schwetzingen;DE;+49-818-199309;johannes.henry@flight.example.de
000272;Ruth;Henry;Mrs.;Albert-Schweitzer-Str. 81;71116;Gaertringen;DE;+49-893-555800;ruth.henry@flight.example.de
000273;Anneliese;Henry;Mrs.;Froschstr. 87;16233;Potsdam;DE;+49-751-241982;anneliese.henry@flight.example.de
000274;Kristina;Henry;Mrs.;Friedensallee 8;11111;Berlin;DE;+49-453-589729;kristina.henry@flight.example.de
000275;Lothar;Henry;Mr.;N7, 58;66386;St. Ingbert;DE;+49-362-408421;lothar.henry@flight.example.de
000276;Achim;Marshall;Mr.;Zwischergasse 63;76137;Karlsruhe;DE;+49-284-383617;achim.marshall@flight.example.de
000277;Adam;Marshall;Mr.;Via Giulio Cesare 55;00195;Roma;IT;+39-956-284633;adam.marshall@flight.example.it
000278;Simon;Marshall;Mr.;Wilhelminentr. 1;23496;Dielheim;DE;+49-799-096645;simon.marshall@flight.example.de
000279;Johann;Marshall;Mr.;Lerchenstr. 15;68789;St. Leon-Rot;DE;+49-720-226112;johann.marshall@flight.example.de
000280;Guillermo;Marshall;Mr.;Lake Shore Drive 69;17758;N. Massapequa;US;+1-381-501128;guillermo.marshall@flight.example.us
000281;Friedrich;Marshall;Mr.;Erlengrund 86;23056;Buxtehude;DE;+49-573-190081;friedrich.marshall@flight.example.de
000282;Irene;Marshall;Mrs.;Wilhelminentr. 54;69483;Wald-Michelbach;DE;+49-199-283379;irene.marshall@flight.example.de
000283;Roland;Marshall;Mr.;Caspar-David-Friedrich-Str. 63;76137;Karlsruhe;DE;+49-540-588610;roland.marshall@flight.example.de
000284;Sophie;Marshall;Mrs.;Rue Balzac 44;78140;Vélizy;FR;+33-883-981739;sophie.marshall@flight.example.fr
000285;Kurt;Marshall;Mr.;Friedensallee 36;79312;Emmendingen;DE;+49-740-061550;kurt.marshall@flight.example.de
000286;Stephen;Marshall;Mr.;Goeckinghofstr. 20;58332;Schwelm;DE;+49-801-590664;stephen.marshall@flight.example.de
000287;Pierre;Marshall;Mr.;rue Nieuport 52;06130;Grasse;FR;+33-883-317052;pierre.marshall@flight.example.fr
000288;Johannes;Marshall;Mr.;Melissenstr. 14;68723;Schwetzingen;DE;+49-157-908994;johannes.marshall@flight.example.de
000289;Matthias;Marshall;Mr.;Zwischergasse 41;67105;Schifferstadt;DE;+49-691-662973;matthias.marshall@flight.example.de
000290;Horst;Marshall;Mr.;Karl-Schwaner-Str. 39;68163;Mannheim;DE;+49-852-149536;horst.marshall@flight.example.de
000291;Kristina;Legrand;Mrs.;Albert-Schweitzer-Str. 8;11111;Berlin;DE;+49-587-778394;kristina.legrand@flight.example.de
000292;Christine;Legrand;Mrs.;Carl-Metz Strasse 77;75305;Neuenburg;DE;+49-461-926410;christine.legrand@flight.example.de
000293;Illya;Legrand;Mr.;Karl-Marx-Allee 24;63150;Heusenstamm;DE;+49-862-561377;illya.legrand@flight.example.de
000294;Volker;Legrand;Mr.;Wilhelminentr. 5;86343;Koenigsbrunn;DE;+49-795-040541;volker.legrand@flight.example.de
000295;Anna;Legrand;Mrs.;Hasnerstrasse 13;4020;Linz;AT;+43-805-394157;anna.legrand@flight.example.at
000296;Georg;Legrand;Mr.;Waldmann 26;63150;Heusenstamm;DE;+49-771-174000;georg.legrand@flight.example.de
000297;Andreas;Jacqmain;Mr.;Arndtstrasse 19;69190;Walldorf;DE;+49-494-744614;andreas.jacqmain@flight.example.de
000298;Cindy;Jacqmain;Mrs.;rue Nieuport 51;06130;Grasse;FR;+33-686-099215;cindy.jacqmain@flight.example.fr
000299;Illya;Jacqmain;Mr.;Karl-Marx-Allee 24;63150;Heusenstamm;DE;+49-877-431189;illya.jacqmain@flight.example.de
000300;Theresia;Jacqmain;Mrs.;Voodoo Avenue 83;60657;Chicago;US;+1-410-961885;theresia.jacqmain@flight.example.us
000301;Amelie;Jacqmain;Mrs.;Hauptstr. 42;68163;Mannheim-Lindenhof;DE;+49-389-193004;amelie.jacqmain@flight.example.de
000302;Siegfried;Jacqmain;Mr.;Gruenlingweg 99;70111;Reutlingen;DE;+49-466-185001;siegfried.jacqmain@flight.example.de
000303;Jasmin;Jacqmain;Mrs.;Arionweg 5;86343;Koenigsbrunn;DE;+49-822-998684;jasmin.jacqmain@flight.example.de
000304;Theresia;Jacqmain;Mrs.;Sagamore St. 83;60657;Chicago;US;+1-670-772816;theresia.jacqmain@flight.example.us
000305;James;Jacqmain;Mr.;Im Warmet 91;90419;Nuernberg;DE;+49-277-908784;james.jacqmain@flight.example.de
000306;Holm;Jacqmain;Mr.;Karl-Schwaner-Str. 31;69207;Kurt;DE;+49-315-658046;holm.jacqmain@flight.example.de
000307;Hendrik;D´Oultrement;Mr.;Lake Shore Drive 95;63728;New Orleans;US;+1-357-056055;hendrik.d´oultrement@flight.example.us
000308;Jasmin;D´Oultrement;Mrs.;Wilhelminentr. 5;86343;Koenigsbrunn;DE;+49-974-644307;jasmin.d´oultrement@flight.example.de
000309;Jean;D´Oultrement;Mr.;Sagamore St. 50;76018;Arlington;US;+1-449-767884;jean.d´oultrement@flight.example.us
000310;Georg;D´Oultrement;Mr.;N7, 25;63150;Heusenstamm;DE;+49-973-703190;georg.d´oultrement@flight.example.de
000311;Jean;D´Oultrement;Mr.;Federal Avenue 49;76018;Arlington;US;+1-377-457842;jean.d´oultrement@flight.example.us
000312;Adam;D´Oultrement;Mr.;Via Giulio Cesare 55;00195;Roma;IT;+39-217-016594;adam.d´oultrement@flight.example.it
000313;Laura;D´Oultrement;Mrs.;Heidelberger Str. 34;79312;Emmendingen;DE;+49-124-542226;laura.d´oultrement@flight.example.de
000314;Anne-Marie;D´Oultrement;Mrs.;Arionweg 89;90419;Nuernberg;DE;+49-947-716895;anne-marie.d´oultrement@flight.example.de
000315;James;D´Oultrement;Mr.;Stiftsbogen 91;90419;Nuernberg;DE;+49-514-879782;james.d´oultrement@flight.example.de
000316;Laura;D´Oultrement;Mrs.;Franz-Marc-Str. 35;79312;Emmendingen;DE;+49-979-762762;laura.d´oultrement@flight.example.de
000317;Guenther;D´Oultrement;Mr.;Froschstr. 37;68163;Mannheim;DE;+49-547-434711;guenther.d´oultrement@flight.example.de
000318;Volker;D´Oultrement;Mr.;Zwischergasse 4;86343;Koenigsbrunn;DE;+49-266-791696;volker.d´oultrement@flight.example.de
000319;Andrej;D´Oultrement;Mr.;Hasnerstrasse 12;4020;Linz;AT;+43-152-332543;andrej.d´oultrement@flight.example.at
000320;Christoph;Hunter;Mr.;Auf dem Huegel 17;66464;Homburg;DE;+49-331-919578;christoph.hunter@flight.example.de
000321;Dominik;Hunter;Mr.;Lerchenstr. 79;41466;Neuss;DE;+49-955-718635;dominik.hunter@flight.example.de
000322;Peter;Hunter;Mr.;Gruenlingweg 88;16233;Potsdam;DE;+49-483-119872;peter.hunter@flight.example.de
000323;Horst;Hunter;Mr.;Dudweilerstr. 39;67105;Schifferstadt;DE;+49-178-169419;horst.hunter@flight.example.de
000324;Mathilde;Hunter;Mrs.;Stiftsbogen 22;58332;Schwelm;DE;+49-746-749478;mathilde.hunter@flight.example.de
000325;Illya;Hunter;Mr.;N7, 25;63150;Heusenstamm;DE;+49-208-531214;illya.hunter@flight.example.de
000326;Gisela;Hunter;Mrs.;Caspar-David-Friedrich-Str. 28;64283;Darmstadt;DE;+49-964-316196;gisela.hunter@flight.example.de
000327;Matthias;Hunter;Mr.;Meerfeldstr. 41;67105;Schifferstadt;DE;+49-454-871193;matthias.hunter@flight.example.de
000328;Jean;Hunter;Mr.;Windstone Drive 50;76018;Arlington;US;+1-334-130501;jean.hunter@flight.example.us
000329;Thilo;Hunter;Mr.;Sagamore St. 10;17844;Washington;US;+1-476-930832;thilo.hunter@flight.example.us
000330;August;Hunter;Mr.;Ausfallstr. 23;69121;Heidelberg;DE;+49-375-674855;august.hunter@flight.example.de
000331;Johannes;Hunter;Mr.;Marktplatz 14;68723;Schwetzingen;DE;+49-448-803112;johannes.hunter@flight.example.de
000332;Jean;Hunter;Mr.;Sagamore St. 50;76018;Arlington;US;+1-196-330664;jean.hunter@flight.example.us
000333;Hendrik;Delon;Mr.;rue Nieuport 95;75839;Paris;FR;+33-607-003581;hendrik.delon@flight.example.fr
000334;Hendrik;Delon;Mr.;Voodoo Avenue 96;63728;New Orleans;US;+1-980-315731;hendrik.delon@flight.example.us
000335;Hendrik;Delon;Mr.;Golden Gate Drive 96;63728;New Orleans;US;+1-888-756385;hendrik.delon@flight.example.us
000336;Allen;Delon;Mr.;Windstone Drive 66;07666;Teaneck;US;+1-336-708172;allen.delon@flight.example.us
000337;Lothar;Delon;Mr.;Auf dem Huegel 58;66386;St. Ingbert;DE;+49-965-841945;lothar.delon@flight.example.de
000338;Christine;Delon;Mrs.;Pza. Pablo Ruiz Picasso 76;41006;Sevilla;ES;+34-587-189258;christine.delon@flight.example.es
000339;Felix;Delon;Mr.;Gartenstr. 6;55128;Mainz;DE;+49-481-906769;felix.delon@flight.example.de
000340;Sophie;Delon;Mrs.;rue Nieuport 44;78140;Vélizy;FR;+33-839-070799;sophie.delon@flight.example.fr
000341;Illya;Kreiss;Mr.;Jacobistrasse 24;69121;Heidelberg;DE;+49-477-200268;illya.kreiss@flight.example.de
000342;Fabio;Kreiss;Mr.;Froschstr. 56;81375;Muenchen;DE;+49-264-540425;fabio.kreiss@flight.example.de
000343;Kurt;Kreiss;Mr.;Waldmann 36;79312;Emmendingen;DE;+49-305-642034;kurt.kreiss@flight.example.de
000344;Jasmin;Kreiss;Mrs.;Mutterstadter Str. 6;55128;Mainz;DE;+49-367-815812;jasmin.kreiss@flight.example.de
000345;Theresia;Kreiss;Mrs.;Voodoo Avenue 83;60657;Chicago;US;+1-409-336558;theresia.kreiss@flight.example.us
000346;Ludwig;Kreiss;Mr.;Max-Planck-Str. 33;79104;Freiburg;DE;+49-212-259322;ludwig.kreiss@flight.example.de
000347;Harish;Trensch;Mr.;Emil-Heckel-Str. 2;23496;Dielheim;DE;+49-232-848974;harish.trensch@flight.example.de
000348;Matthias;Trensch;Mr.;Meerfeldstr. 41;67105;Schifferstadt;DE;+49-428-754844;matthias.trensch@flight.example.de
000349;Volker;Trensch;Mr.;Meerfeldstr. 5;86343;Koenigsbrunn;DE;+49-808-283308;volker.trensch@flight.example.de
000350;James;Trensch;Mr.;Sagamore St. 91;22334;San Francisco;US;+1-353-489282;james.trensch@flight.example.us
000351;Christoph;Trensch;Mr.;N7, 17;66464;Homburg;DE;+49-176-246298;christoph.trensch@flight.example.de
000352;Ruth;Cesari;Mrs.;Dudweilerstr. 81;71116;Gaertringen;DE;+49-641-966663;ruth.cesari@flight.example.de
000353;Allen;Cesari;Mr.;Sagamore St. 65;07666;Teaneck;US;+1-631-800413;allen.cesari@flight.example.us
000354;Georg;Cesari;Mr.;Stauboernchenstrasse 26;63150;Heusenstamm;DE;+49-695-369707;georg.cesari@flight.example.de
000355;Marta;Cesari;Mrs.;Albert-Schweitzer-Str. 74;69180;Wiesloch;DE;+49-925-738165;marta.cesari@flight.example.de
000356;Anna;Cesari;Mrs.;Hasnerstrasse 13;4020;Linz;AT;+43-166-984726;anna.cesari@flight.example.at
000357;Allen;Cesari;Mr.;Windstone Drive 65;07666;Teaneck;US;+1-721-086942;allen.cesari@flight.example.us
000358;Cindy;Cesari;Mrs.;Windstone Drive 50;76018;Arlington;US;+1-889-247427;cindy.cesari@flight.example.us
000359;Claire;Cesari;Mrs.;Rue Balzac 46;78140;Vélizy;FR;+33-216-395139;claire.cesari@flight.example.fr
000360;Horst;Cesari;Mr.;Raupelsweg 38;68163;Mannheim;DE;+49-427-252169;horst.cesari@flight.example.de
000361;Adam;Matthaeus;Mr.;Via Giulio Cesare 55;00195;Roma;IT;+39-691-166802;adam.matthaeus@flight.example.it
000362;Juan;Matthaeus;Mr.;Hauptstr. 72;69180;Wiesloch;DE;+49-326-458771;juan.matthaeus@flight.example.de
000363;Holm;Matthaeus;Mr.;Ausserhalb 30;69207;Kurt;DE;+49-617-781978;holm.matthaeus@flight.example.de
000364;Christa;Matthaeus;Mrs.;Akazienweg 29;69207;Kurt;DE;+49-835-010835;christa.matthaeus@flight.example.de
000365;Salvador;Matthaeus;Mr.;Pza. Pablo Ruiz Picasso 75;08014;Barcelona;ES;+34-922-457249;salvador.matthaeus@flight.example.es
000366;Achim;Matthaeus;Mr.;Rankestr. 63;76137;Karlsruhe;DE;+49-295-360907;achim.matthaeus@flight.example.de
000367;Stephen;Babilon;Mr.;Muehltalstr. 19;69190;Walldorf;DE;+49-429-593765;stephen.babilon@flight.example.de
000368;Theresia;Babilon;Mrs.;Arndtstrasse 82;71116;Gaertringen;DE;+49-741-048653;theresia.babilon@flight.example.de
000369;Florian;Babilon;Mr.;Golden Gate Drive 69;09765;Boulder;US;+1-220-747088;florian.babilon@flight.example.us
000370;Irmtraut;Babilon;Mrs.;Mutterstadter Str. 32;79104;Freiburg;DE;+49-700-409311;irmtraut.babilon@flight.example.de
000371;Andreas;Babilon;Mr.;Gemeindestr. 19;69190;Walldorf;DE;+49-425-538866;andreas.babilon@flight.example.de
000372;Horst;Babilon;Mr.;Arndtstrasse 39;67105;Schifferstadt;DE;+49-482-244341;horst.babilon@flight.example.de
000373;Guenther;Babilon;Mr.;Franz-Marc-Str. 37;68163;Mannheim;DE;+49-928-790271;guenther.babilon@flight.example.de
000374;Laura;Babilon;Mrs.;Franz-Marc-Str. 35;79312;Emmendingen;DE;+49-302-473123;laura.babilon@flight.example.de
000375;Achim;Babilon;Mr.;Gartenstr. 63;76137;Karlsruhe;DE;+49-439-998419;achim.babilon@flight.example.de
000376;Theresia;Babilon;Mrs.;Federal Avenue 82;60657;Chicago;US;+1-638-446111;theresia.babilon@flight.example.us
000377;Dominik;Babilon;Mr.;Lerchenstr. 79;41466;Neuss;DE;+49-353-782355;dominik.babilon@flight.example.de
000378;Guillermo;Babilon;Mr.;Sagamore St. 67;17758;N. Massapequa;US;+1-488-034437;guillermo.babilon@flight.example.us
000379;Kristina;Babilon;Mrs.;Carl-Metz Strasse 9;11111;Berlin;DE;+49-246-117914;kristina.babilon@flight.example.de
000380;Horst;Babilon;Mr.;Raupelsweg 38;68163;Mannheim;DE;+49-540-455334;horst.babilon@flight.example.de
000381;Benjamin;Babilon;Mr.;Rue Balzac 93;75839;Paris;FR;+33-215-061287;benjamin.babilon@flight.example.fr
000382;Claire;Zimmermann;Mrs.;rue de Moillebeau 46;1211;Genève;CH;+41-882-294993;claire.zimmermann@flight.example.ch
000383;Dominik;Zimmermann;Mr.;Waldmann 78;75305;Neuenburg;DE;+49-146-771501;dominik.zimmermann@flight.example.de
000384;Holm;Zimmermann;Mr.;Mutterstadter Str. 31;69207;Kurt;DE;+49-461-129908;holm.zimmermann@flight.example.de
000385;Jean;Zimmermann;Mr.;Windstone Drive 49;76018;Arlington;US;+1-283-661116;jean.zimmermann@flight.example.us
000386;James;Zimmermann;Mr.;Federal Avenue 92;22334;San Francisco;US;+1-651-090945;james.zimmermann@flight.example.us
000387;Sophie;Zimmermann;Mrs.;rue Nieuport 44;78140;Vélizy;FR;+33-906-578885;sophie.zimmermann@flight.example.fr
000388;Jean;Zimmermann;Mr.;Federal Avenue 49;76018;Arlington;US;+1-298-234814;jean.zimmermann@flight.example.us
000389;Sophie;Zimmermann;Mrs.;Rue Balzac 45;78140;Vélizy;FR;+33-693-879336;sophie.zimmermann@flight.example.fr
000390;Christine;Zimmermann;Mrs.;Pza. Pablo Ruiz Picasso 76;41006;Sevilla;ES;+34-634-947302;christine.zimmermann@flight.example.es
000391;Irmtraut;Zimmermann;Mrs.;Zwischergasse 31;69207;Kurt;DE;+49-230-496656;irmtraut.zimmermann@flight.example.de
000392;Andrej;Zimmermann;Mr.;Hasnerstrasse 11;4020;Linz;AT;+43-635-360295;andrej.zimmermann@flight.example.at
000393;Pierre;Zimmermann;Mr.;rue Nieuport 51;06130;Grasse;FR;+33-203-876571;pierre.zimmermann@flight.example.fr
000394;Matthias;Kramer;Mr.;Lerchenstr. 40;67105;Schifferstadt;DE;+49-991-757229;matthias.kramer@flight.example.de
000395;Pierre;Kramer;Mr.;rue Nieuport 52;06130;Grasse;FR;+33-277-894782;pierre.kramer@flight.example.fr
000396;Peter;Kramer;Mr.;Stiftsbogen 88;16233;Potsdam;DE;+49-262-773712;peter.kramer@flight.example.de
000397;Theresia;Kramer;Mrs.;17th St. 82;60657;Chicago;US;+1-310-822971;theresia.kramer@flight.example.us
000398;Kurt;Kramer;Mr.;Froschstr. 37;68753;Amelie;DE;+49-704-042504;kurt.kramer@flight.example.de
000399;Astrid;Kramer;Mrs.;N7, 80;71116;Gaertringen;DE;+49-628-986507;astrid.kramer@flight.example.de
000400;Jean-Luc;Kramer;Mr.;17th St. 92;22334;San Francisco;US;+1-141-149595;jean-luc.kramer@flight.example.us
000401;Allen;Kramer;Mr.;Lake Shore Drive 65;07666;Teaneck;US;+1-206-886817;allen.kramer@flight.example.us
000402;Adam;Kramer;Mr.;Via Giulio Cesare 55;00195;Roma;IT;+39-618-974711;adam.kramer@flight.example.it
000403;Horst;Kramer;Mr.;Raupelsweg 38;68163;Mannheim;DE;+49-804-743201;horst.kramer@flight.example.de
000404;Johannes;Kramer;Mr.;Gruenlingweg 15;68723;Schwetzingen;DE;+49-229-687459;johannes.kramer@flight.example.de
000405;Ruth;Kramer;Mrs.;Meerfeldstr. 82;71116;Gaertringen;DE;+49-703-214598;ruth.kramer@flight.example.de
000406;Stephen;Kramer;Mr.;Goeckinghofstr. 20;58332;Schwelm;DE;+49-303-245742;stephen.kramer@flight.example.de
000407;Irene;Illner;Mrs.;Muehltalstr. 54;27299;Langwedel;DE;+49-343-673501;irene.illner@flight.example.de
000408;Hendrik;Illner;Mr.;Voodoo Avenue 95;63728;New Orleans;US;+1-957-745613;hendrik.illner@flight.example.us
000409;Kurt;Illner;Mr.;Friedensallee 36;79312;Emmendingen;DE;+49-211-442982;kurt.illner@flight.example.de
000410;Max;Illner;Mr.;Gruenlingweg 100;70111;Reutlingen;DE;+49-248-727858;max.illner@flight.example.de
000411;Benjamin;Illner;Mr.;route de Pégomas 94;75839;Paris;FR;+33-275-458096;benjamin.illner@flight.example.fr
000412;Illya;Illner;Mr.;Karl-Marx-Allee 25;63150;Heusenstamm;DE;+49-350-735810;illya.illner@flight.example.de
000413;Peter;Illner;Mr.;Emil-Heckel-Str. 88;16233;Potsdam;DE;+49-313-426251;peter.illner@flight.example.de
000414;Harish;Illner;Mr.;Arionweg 2;23496;Dielheim;DE;+49-325-079708;harish.illner@flight.example.de
000415;Adam;Illner;Mr.;Via Giulio Cesare 56;00195;Roma;IT;+39-688-553077;adam.illner@flight.example.it
000416;Horst;Illner;Mr.;Gruenlingweg 39;67105;Schifferstadt;DE;+49-526-863477;horst.illner@flight.example.de
000417;Roland;Illner;Mr.;Caspar-David-Friedrich-Str. 63;76137;Karlsruhe;DE;+49-271-065820;roland.illner@flight.example.de
000418;Dominik;Illner;Mr.;Wilhelminentr. 78;75305;Neuenburg;DE;+49-752-901118;dominik.illner@flight.example.de
000419;Annemarie;Illner;Mrs.;Leichhof 59;66386;St. Ingbert;DE;+49-757-355036;annemarie.illner@flight.example.de
000420;Chantal;Illner;Mrs.;rue Voltaire 48;B - 1030;Bruxelles;BE;+32-755-796887;chantal.illner@flight.example.be
000421;Mathilde;Pratt;Mrs.;Max-Planck-Str. 21;58332;Schwelm;DE;+49-477-099554;mathilde.pratt@flight.example.de
000422;Adam;Pratt;Mr.;Marktplatz 55;69483;Wald-Michelbach;DE;+49-272-487846;adam.pratt@flight.example.de
000423;Holm;Pratt;Mr.;Waldmann 31;69207;Kurt;DE;+49-476-029185;holm.pratt@flight.example.de
000424;Harish;Pratt;Mr.;Im Warmet 2;23496;Dielheim;DE;+49-790-023798;harish.pratt@flight.example.de
000425;Chantal;Pratt;Mrs.;rue Voltaire 48;B - 1030;Bruxelles;BE;+32-516-954775;chantal.pratt@flight.example.be
000426;James;Pratt;Mr.;Stiftsbogen 91;90419;Nuernberg;DE;+49-955-877233;james.pratt@flight.example.de
000427;August;Pratt;Mr.;Hauptstr. 24;69121;Heidelberg;DE;+49-384-254143;august.pratt@flight.example.de
000428;Stephen;Pratt;Mr.;Albert-Schweitzer-Str. 20;69190;Walldorf;DE;+49-296-971418;stephen.pratt@flight.example.de
000429;Friedrich;Pratt;Mr.;Elzstrasse 85;63263;Neu-Isenburg;DE;+49-628-589122;friedrich.pratt@flight.example.de
000430;Anne-Marie;Pratt;Mrs.;Emil-Heckel-Str. 89;16233;Potsdam;DE;+49-531-605331;anne-marie.pratt@flight.example.de
000431;Stephen;Pratt;Mr.;Ausserhalb 20;69190;Walldorf;DE;+49-280-504133;stephen.pratt@flight.example.de
000432;Sophie;Pratt;Mrs.;rue Nieuport 45;78140;Vélizy;FR;+33-819-833777;sophie.pratt@flight.example.fr
000433;August;Pratt;Mr.;Leichhof 23;69121;Heidelberg;DE;+49-303-812782;august.pratt@flight.example.de
000434;Johann;Pratt;Mr.;Ausfallstr. 15;68789;St. Leon-Rot;DE;+49-316-591747;johann.pratt@flight.example.de
000435;Christoph;Pratt;Mr.;Max-Planck-Str. 18;66464;Homburg;DE;+49-624-707760;christoph.pratt@flight.example.de
000436;Illya;Gahl;Mr.;Karl-Marx-Allee 24;63150;Heusenstamm;DE;+49-866-603551;illya.gahl@flight.example.de
000437;August;Gahl;Mr.;Goeckinghofstr. 23;69121;Heidelberg;DE;+49-866-306510;august.gahl@flight.example.de
000438;Ruth;Gahl;Mrs.;Gartenstr. 80;71116;Gaertringen;DE;+49-312-145328;ruth.gahl@flight.example.de
000439;Sophie;Gahl;Mrs.;rue Nieuport 44;78140;Vélizy;FR;+33-445-119984;sophie.gahl@flight.example.fr
000440;Chantal;Gahl;Mrs.;rue Voltaire 48;B - 1030;Bruxelles;BE;+32-580-485517;chantal.gahl@flight.example.be
000441;Irmtraut;Gahl;Mrs.;Rankestr. 32;79104;Freiburg;DE;+49-961-536853;irmtraut.gahl@flight.example.de
000442;Thilo;Gahl;Mr.;Federal Avenue 9;17844;Washington;US;+1-803-911988;thilo.gahl@flight.example.us
000443;Jean-Luc;Gahl;Mr.;Lake Shore Drive 93;22334;San Francisco;US;+1-592-620577;jean-luc.gahl@flight.example.us
000444;Allen;Gahl;Mr.;Lake Shore Drive 65;07666;Teaneck;US;+1-187-254013;allen.gahl@flight.example.us
000445;Walter;Gahl;Mr.;Gemeindestr. 44;68163;Mannheim-Lindenhof;DE;+49-861-429121;walter.gahl@flight.example.de
000446;Achim;Benjamin;Mr.;Emil-Heckel-Str. 64;76137;Karlsruhe;DE;+49-899-388797;achim.benjamin@flight.example.de
000447;Andreas;Benjamin;Mr.;Arndtstrasse 19;69190;Walldorf;DE;+49-225-108772;andreas.benjamin@flight.example.de
000448;Annemarie;Benjamin;Mrs.;Karl-Marx-Allee 59;66386;St. Ingbert;DE;+49-666-167060;annemarie.benjamin@flight.example.de
000449;James;Benjamin;Mr.;Froschstr. 91;90419;Nuernberg;DE;+49-338-758372;james.benjamin@flight.example.de
000450;Marta;Benjamin;Mrs.;Schillerstr. 73;69180;Wiesloch;DE;+49-347-552681;marta.benjamin@flight.example.de
000451;Siegfried;Benjamin;Mr.;Karl-Marx-Allee 98;70111;Reutlingen;DE;+49-282-169030;siegfried.benjamin@flight.example.de
000452;Kurt;Benjamin;Mr.;Wilhelminentr. 36;79312;Emmendingen;DE;+49-136-919578;kurt.benjamin@flight.example.de
000453;Sophie;Benjamin;Mrs.;Rue Balzac 44;78140;Vélizy;FR;+33-850-531747;sophie.benjamin@flight.example.fr
000454;Guillermo;Benjamin;Mr.;Lake Shore Drive 69;17758;N. Massapequa;US;+1-310-045815;guillermo.benjamin@flight.example.us
000455;Andrej;Benjamin;Mr.;Hasnerstrasse 12;4020;Linz;AT;+43-340-819064;andrej.benjamin@flight.example.at
000456;Ulla;Benjamin;Mrs.;Pza. Pablo Ruiz Picasso 71;28020;Madrid;ES;+34-354-881111;ulla.benjamin@flight.example.es
000457;Georg;Benjamin;Mr.;Stauboernchenstrasse 26;63150;Heusenstamm;DE;+49-292-401518;georg.benjamin@flight.example.de
000458;Christoph;Miguel;Mr.;Auf dem Huegel 17;66464;Homburg;DE;+49-367-577368;christoph.miguel@flight.example.de
000459;Amelie;Miguel;Mrs.;Caspar-David-Friedrich-Str. 41;68163;Mannheim-Lindenhof;DE;+49-412-103194;amelie.miguel@flight.example.de
000460;Johannes;Miguel;Mr.;Froschstr. 14;68723;Schwetzingen;DE;+49-460-098715;johannes.miguel@flight.example.de
000461;Ida;Miguel;Mrs.;Raupelsweg 60;66386;St. Ingbert;DE;+49-668-828922;ida.miguel@flight.example.de
000462;Claire;Miguel;Mrs.;route de Pégomas 45;78140;Vélizy;FR;+33-667-776727;claire.miguel@flight.example.fr
000463;Gisela;Miguel;Mrs.;Karl-Marx-Allee 27;64283;Darmstadt;DE;+49-497-277078;gisela.miguel@flight.example.de
000464;Volker;Miguel;Mr.;Ausfallstr. 5;86343;Koenigsbrunn;DE;+49-554-433986;volker.miguel@flight.example.de
000465;Ida;Miguel;Mrs.;Heidelberger Str. 61;79761;Waldshut;DE;+49-440-114125;ida.miguel@flight.example.de
000466;Ruth;Miguel;Mrs.;Erlengrund 80;71116;Gaertringen;DE;+49-487-229989;ruth.miguel@flight.example.de
000467;Juan;Miguel;Mr.;Piedad 72;28020;Madrid;ES;+34-256-375901;juan.miguel@flight.example.es
000468;Christoph;Miguel;Mr.;Rankestr. 17;66464;Homburg;DE;+49-661-236825;christoph.miguel@flight.example.de
000469;August;Miguel;Mr.;Max-Planck-Str. 23;69121;Heidelberg;DE;+49-408-923404;august.miguel@flight.example.de
000470;Thomas;Miguel;Mr.;Lake Shore Drive 84;60657;Chicago;US;+1-416-567661;thomas.miguel@flight.example.us
000471;Anna;Weiss;Mrs.;Hasnerstrasse 12;4020;Linz;AT;+43-566-405014;anna.weiss@flight.example.at
000472;Ludwig;Weiss;Mr.;Marktplatz 33;79104;Freiburg;DE;+49-805-528302;ludwig.weiss@flight.example.de
000473;Holm;Weiss;Mr.;Ausserhalb 30;69207;Kurt;DE;+49-250-788349;holm.weiss@flight.example.de
000474;Lee;Weiss;Mr.;Oak Street 66;07666;Teaneck;US;+1-814-546789;lee.weiss@flight.example.us
000475;Irmtraut;Weiss;Mrs.;Meerfeldstr. 32;79104;Freiburg;DE;+49-814-036052;irmtraut.weiss@flight.example.de
000476;Amelie;Sessler;Mrs.;Goeckinghofstr. 43;68163;Mannheim-Lindenhof;DE;+49-388-620980;amelie.sessler@flight.example.de
000477;Walter;Sessler;Mr.;Zwischergasse 43;68163;Mannheim-Lindenhof;DE;+49-778-028605;walter.sessler@flight.example.de
000478;Dominik;Sessler;Mr.;Jacobistrasse 79;41466;Neuss;DE;+49-400-828392;dominik.sessler@flight.example.de
000479;Pierre;Sessler;Mr.;rue Nieuport 51;06130;Grasse;FR;+33-726-866412;pierre.sessler@flight.example.fr
000480;Andrej;Sessler;Mr.;Hasnerstrasse 12;4020;Linz;AT;+43-628-002955;andrej.sessler@flight.example.at
000481;Kristina;Sessler;Mrs.;Federal Avenue 9;17844;Washington;US;+1-699-172685;kristina.sessler@flight.example.us
000482;Max;Sessler;Mr.;Caspar-David-Friedrich-Str. 100;15344;Strausberg;DE;+49-637-214581;max.sessler@flight.example.de
000483;Gisela;Sessler;Mrs.;Karl-Marx-Allee 27;64283;Darmstadt;DE;+49-901-048496;gisela.sessler@flight.example.de
000484;Andreas;Montero;Mr.;Lerchenstr. 19;69190;Walldorf;DE;+49-849-564911;andreas.montero@flight.example.de
000485;Ruth;Montero;Mrs.;Albert-Schweitzer-Str. 81;71116;Gaertringen;DE;+49-741-557329;ruth.montero@flight.example.de
000486;Christine;Montero;Mrs.;Carl-Metz Strasse 77;75305;Neuenburg;DE;+49-852-584000;christine.montero@flight.example.de
000487;Volker;Montero;Mr.;Poklukarjeva 3;1000;Ljubljana;SI;+386-861-844123;volker.montero@flight.example.si
000488;Gisela;Montero;Mrs.;Ausfallstr. 27;64283;Darmstadt;DE;+49-337-865513;gisela.montero@flight.example.de
000489;Benjamin;Montero;Mr.;rue Nieuport 93;75839;Paris;FR;+33-165-341078;benjamin.montero@flight.example.fr
000490;Illya;Montero;Mr.;Akazienweg 25;63150;Heusenstamm;DE;+49-621-912661;illya.montero@flight.example.de
000491;Marta;Montero;Mrs.;Friedensallee 74;69180;Wiesloch;DE;+49-668-529938;marta.montero@flight.example.de
000492;Thilo;Montero;Mr.;Oak Street 11;17844;Washington;US;+1-910-995275;thilo.montero@flight.example.us
000493;Jean;Montero;Mr.;Federal Avenue 49;76018;Arlington;US;+1-536-955366;jean.montero@flight.example.us
000494;Laura;Montero;Mrs.;Franz-Marc-Str. 35;79312;Emmendingen;DE;+49-305-266744;laura.montero@flight.example.de
000495;Lothar;Montero;Mr.;Auf dem Huegel 58;66386;St. Ingbert;DE;+49-919-324035;lothar.montero@flight.example.de
000496;Christa;Montero;Mrs.;Erlengrund 29;64283;Darmstadt;DE;+49-487-503959;christa.montero@flight.example.de
000497;Illya;Montero;Mr.;Schillerstr. 24;69121;Heidelberg;DE;+49-292-107006;illya.montero@flight.example.de
000498;Uli;Domenech;Mrs.;Caspar-David-Friedrich-Str. 97;75757;Elsenz;DE;+49-424-212279;uli.domenech@flight.example.de
000499;Claire;Domenech;Mrs.;rue de Moillebeau 46;1211;Genève;CH;+41-404-677484;claire.domenech@flight.example.ch
000500;Mathilde;Domenech;Mrs.;Elzstrasse 22;64342;Seeheim-Jugenheim;DE;+49-387-230515;mathilde.domenech@flight.example.de
000501;Uli;Domenech;Mrs.;Waldmann 97;75757;Elsenz;DE;+49-186-715734;uli.domenech@flight.example.de
000502;Ida;Domenech;Mrs.;Auf dem Huegel 61;79761;Waldshut;DE;+49-329-365143;ida.domenech@flight.example.de
000503;Adam;Domenech;Mr.;Via Giulio Cesare 55;00195;Roma;IT;+39-683-346991;adam.domenech@flight.example.it
000504;August;Domenech;Mr.;Arndtstrasse 23;69121;Heidelberg;DE;+49-808-287047;august.domenech@flight.example.de
000505;Pierre;Moyano;Mr.;rue Nieuport 53;06130;Grasse;FR;+33-836-817947;pierre.moyano@flight.example.fr
000506;Stephen;Moyano;Mr.;Muehltalstr. 19;69190;Walldorf;DE;+49-433-618960;stephen.moyano@flight.example.de
000507;August;Moyano;Mr.;Muehltalstr. 24;69121;Heidelberg;DE;+49-562-078750;august.moyano@flight.example.de
000508;Matthias;Moyano;Mr.;Zwischergasse 41;67105;Schifferstadt;DE;+49-158-369934;matthias.moyano@flight.example.de
000509;Jean;Moyano;Mr.;Federal Avenue 49;76018;Arlington;US;+1-404-689028;jean.moyano@flight.example.us
000510;Amelie;Moyano;Mrs.;Jacobistrasse 42;68163;Mannheim-Lindenhof;DE;+49-879-321845;amelie.moyano@flight.example.de
000511;Achim;Moyano;Mr.;Rankestr. 63;76137;Karlsruhe;DE;+49-566-338195;achim.moyano@flight.example.de
000512;Christoph;Moyano;Mr.;Max-Planck-Str. 18;66464;Homburg;DE;+49-516-079747;christoph.moyano@flight.example.de
000513;Guillermo;Moyano;Mr.;Lake Shore Drive 68;17758;N. Massapequa;US;+1-233-293714;guillermo.moyano@flight.example.us
000514;Holm;Moyano;Mr.;Dudweilerstr. 30;69207;Kurt;DE;+49-843-762725;holm.moyano@flight.example.de
000515;Matthias;Moyano;Mr.;Heidelberger Str. 40;67105;Schifferstadt;DE;+49-794-809301;matthias.moyano@flight.example.de
000516;Achim;Moyano;Mr.;Alte Reichsstr. 64;76137;Karlsruhe;DE;+49-668-937040;achim.moyano@flight.example.de
000517;Guenther;Moyano;Mr.;Franz-Marc-Str. 37;68163;Mannheim;DE;+49-992-338870;guenther.moyano@flight.example.de
000518;Johann;Moyano;Mr.;Max-Planck-Str. 16;68789;St. Leon-Rot;DE;+49-886-814070;johann.moyano@flight.example.de
000519;Max;Moyano;Mr.;Akazienweg 99;70111;Reutlingen;DE;+49-226-683404;max.moyano@flight.example.de
000520;Dominik;Sommer;Mr.;Arionweg 77;75305;Neuenburg;DE;+49-733-686737;dominik.sommer@flight.example.de
000521;Volker;Sommer;Mr.;Wilhelminentr. 4;86343;Koenigsbrunn;DE;+49-508-804915;volker.sommer@flight.example.de
000522;Peter;Sommer;Mr.;Muehltalstr. 89;16233;Potsdam;DE;+49-788-393677;peter.sommer@flight.example.de
000523;Anne-Marie;Sommer;Mrs.;Muehltalstr. 89;16233;Potsdam;DE;+49-367-324655;anne-marie.sommer@flight.example.de
000524;Uli;Sommer;Mrs.;Ausserhalb 96;75757;Elsenz;DE;+49-166-383664;uli.sommer@flight.example.de
000525;Jean-Luc;Sommer;Mr.;Lake Shore Drive 92;22334;San Francisco;US;+1-846-221249;jean-luc.sommer@flight.example.us
000526;Harish;Sommer;Mr.;Im Warmet 2;23496;Dielheim;DE;+49-439-386732;harish.sommer@flight.example.de
000527;Astrid;Sommer;Mrs.;Erlengrund 80;71116;Gaertringen;DE;+49-759-350399;astrid.sommer@flight.example.de
000528;Annemarie;Sommer;Mrs.;Am Deich 59;66386;St. Ingbert;DE;+49-427-914718;annemarie.sommer@flight.example.de
000529;Thilo;Sommer;Mr.;Golden Gate Drive 10;17844;Washington;US;+1-579-765665;thilo.sommer@flight.example.us
000530;Christine;Sommer;Mrs.;Gartenstr. 77;75305;Neuenburg;DE;+49-507-914239;christine.sommer@flight.example.de
000531;Gisela;Sommer;Mrs.;Wilhelminentr. 27;63150;Heusenstamm;DE;+49-765-345272;gisela.sommer@flight.example.de
000532;Ludwig;Schneider;Mr.;Muehltalstr. 33;79104;Freiburg;DE;+49-273-812526;ludwig.schneider@flight.example.de
000533;Laura;Schneider;Mrs.;Carl-Metz Strasse 34;79312;Emmendingen;DE;+49-433-542391;laura.schneider@flight.example.de
000534;Anna;Schneider;Mrs.;Hasnerstrasse 13;4020;Linz;AT;+43-200-540059;anna.schneider@flight.example.at
000535;Guillermo;Schneider;Mr.;Lake Shore Drive 68;17758;N. Massapequa;US;+1-720-501159;guillermo.schneider@flight.example.us
000536;Holm;Schneider;Mr.;Carl-Metz Strasse 30;69207;Kurt;DE;+49-782-380299;holm.schneider@flight.example.de
000537;Johannes;Schneider;Mr.;Muehltalstr. 14;68723;Schwetzingen;DE;+49-160-508861;johannes.schneider@flight.example.de
000538;Friedrich;Schneider;Mr.;Leichhof 85;63263;Neu-Isenburg;DE;+49-781-720322;friedrich.schneider@flight.example.de
000539;Juan;Schneider;Mr.;Hauptstr. 73;69180;Wiesloch;DE;+49-596-230244;juan.schneider@flight.example.de
000540;August;Schneider;Mr.;Hauptstr. 24;69121;Heidelberg;DE;+49-550-980950;august.schneider@flight.example.de
000541;Andrej;Schneider;Mr.;Hasnerstrasse 11;4020;Linz;AT;+43-899-662812;andrej.schneider@flight.example.at
000542;Cindy;Schneider;Mrs.;rue Nieuport 51;06130;Grasse;FR;+33-514-644502;cindy.schneider@flight.example.fr
000543;Lee;Schneider;Mr.;Windstone Drive 66;07666;Teaneck;US;+1-174-825639;lee.schneider@flight.example.us
000544;Simon;Eichbaum;Mr.;Auf dem Huegel 1;23496;Dielheim;DE;+49-273-543060;simon.eichbaum@flight.example.de
000545;Cindy;Eichbaum;Mrs.;Windstone Drive 50;76018;Arlington;US;+1-238-695888;cindy.eichbaum@flight.example.us
000546;Simon;Eichbaum;Mr.;Carl-Metz Strasse 2;23496;Dielheim;DE;+49-154-855507;simon.eichbaum@flight.example.de
000547;Dominik;Eichbaum;Mr.;Wilhelminentr. 78;75305;Neuenburg;DE;+49-360-139073;dominik.eichbaum@flight.example.de
000548;Christa;Eichbaum;Mrs.;Caspar-David-Friedrich-Str. 29;69207;Kurt;DE;+49-497-370890;christa.eichbaum@flight.example.de
000549;Juan;Eichbaum;Mr.;Camelias 72;28020;Madrid;ES;+34-436-727699;juan.eichbaum@flight.example.es
000550;Thilo;Eichbaum;Mr.;Golden Gate Drive 10;17844;Washington;US;+1-195-027754;thilo.eichbaum@flight.example.us
000551;James;Eichbaum;Mr.;Im Warmet 91;90419;Nuernberg;DE;+49-307-811619;james.eichbaum@flight.example.de
000552;Horst;Eichbaum;Mr.;Arndtstrasse 39;67105;Schifferstadt;DE;+49-732-070921;horst.eichbaum@flight.example.de
000553;Anne-Marie;Gueldenpfennig;Mrs.;Froschstr. 90;90419;Nuernberg;DE;+49-828-121888;anne-marie.gueldenpfennig@flight.example.de
000554;Kurt;Gueldenpfennig;Mr.;Arndtstrasse 36;79312;Emmendingen;DE;+49-701-017271;kurt.gueldenpfennig@flight.example.de
000555;Laura;Gueldenpfennig;Mrs.;Froschstr. 34;79312;Emmendingen;DE;+49-542-295646;laura.gueldenpfennig@flight.example.de
000556;Juan;Gueldenpfennig;Mr.;Dudweilerstr. 72;69180;Wiesloch;DE;+49-631-343805;juan.gueldenpfennig@flight.example.de
000557;Ulla;Gueldenpfennig;Mrs.;Pza. Pablo Ruiz Picasso 70;28020;Madrid;ES;+34-830-690634;ulla.gueldenpfennig@flight.example.es
000558;Felix;Gueldenpfennig;Mr.;Leichhof 7;55128;Mainz;DE;+49-265-500154;felix.gueldenpfennig@flight.example.de
000559;Stephen;Gueldenpfennig;Mr.;Hauptstr. 20;58332;Schwelm;DE;+49-732-420801;stephen.gueldenpfennig@flight.example.de
000560;Pierre;Gueldenpfennig;Mr.;rue Nieuport 52;06130;Grasse;FR;+33-718-512280;pierre.gueldenpfennig@flight.example.fr
000561;Volker;Gueldenpfennig;Mr.;Ausserhalb 4;86343;Koenigsbrunn;DE;+49-904-166156;volker.gueldenpfennig@flight.example.de
000562;Walter;Gueldenpfennig;Mr.;Zwischergasse 43;68163;Mannheim-Lindenhof;DE;+49-833-194623;walter.gueldenpfennig@flight.example.de
000563;Salvador;Gueldenpfennig;Mr.;Pza. Pablo Ruiz Picasso 75;08014;Barcelona;ES;+34-497-176356;salvador.gueldenpfennig@flight.example.es
000564;Florian;Gueldenpfennig;Mr.;Voodoo Avenue 69;09765;Boulder;US;+1-339-297290;florian.gueldenpfennig@flight.example.us
000565;Cindy;Gueldenpfennig;Mrs.;Voodoo Avenue 51;76018;Arlington;US;+1-654-680089;cindy.gueldenpfennig@flight.example.us
000566;Georg;Sudhoff;Mr.;Waldmann 26;63150;Heusenstamm;DE;+49-140-969330;georg.sudhoff@flight.example.de
000567;Jean;Sudhoff;Mr.;rue Voltaire 48;B - 1030;Bruxelles;BE;+32-196-458585;jean.sudhoff@flight.example.be
000568;Matthias;Sudhoff;Mr.;Zwischergasse 41;67105;Schifferstadt;DE;+49-773-756326;matthias.sudhoff@flight.example.de
000569;James;Sudhoff;Mr.;Froschstr. 91;90419;Nuernberg;DE;+49-508-618577;james.sudhoff@flight.example.de
000570;Gisela;Sudhoff;Mrs.;Im Warmet 27;64283;Darmstadt;DE;+49-585-892941;gisela.sudhoff@flight.example.de
000571;Roland;Sudhoff;Mr.;Am Deich 61;79761;Waldshut;DE;+49-943-821365;roland.sudhoff@flight.example.de
000572;Benjamin;Sudhoff;Mr.;route de Pégomas 94;75839;Paris;FR;+33-529-660864;benjamin.sudhoff@flight.example.fr
000573;Roland;Sudhoff;Mr.;Dudweilerstr. 62;76137;Karlsruhe;DE;+49-427-530773;roland.sudhoff@flight.example.de
000574;Chantal;Sudhoff;Mrs.;rue Voltaire 48;B - 1030;Bruxelles;BE;+32-308-085076;chantal.sudhoff@flight.example.be
000575;Anneliese;Sudhoff;Mrs.;Franz-Marc-Str. 86;23056;Buxtehude;DE;+49-436-212549;anneliese.sudhoff@flight.example.de
000576;Roland;Sudhoff;Mr.;Muehltalstr. 62;79761;Waldshut;DE;+49-293-011816;roland.sudhoff@flight.example.de
000577;Ruth;Sudhoff;Mrs.;N7, 81;71116;Gaertringen;DE;+49-964-645869;ruth.sudhoff@flight.example.de
000578;Jean;Sudhoff;Mr.;Federal Avenue 49;76018;Arlington;US;+1-455-497454;jean.sudhoff@flight.example.us
000579;Lothar;Lautenbach;Mr.;Elzstrasse 58;66386;St. Ingbert;DE;+49-293-915072;lothar.lautenbach@flight.example.de
000580;Pierre;Lautenbach;Mr.;rue Nieuport 52;06130;Grasse;FR;+33-199-326588;pierre.lautenbach@flight.example.fr
000581;Andreas;Lautenbach;Mr.;Gemeindestr. 19;69190;Walldorf;DE;+49-659-657181;andreas.lautenbach@flight.example.de
000582;Illya;Lautenbach;Mr.;Melissenstr. 25;63150;Heusenstamm;DE;+49-430-463468;illya.lautenbach@flight.example.de
000583;Illya;Lautenbach;Mr.;Karl-Marx-Allee 24;63150;Heusenstamm;DE;+49-705-782122;illya.lautenbach@flight.example.de
000584;Ludwig;Lautenbach;Mr.;Froschstr. 34;79312;Emmendingen;DE;+49-484-842381;ludwig.lautenbach@flight.example.de
000585;Anne-Marie;Lautenbach;Mrs.;Emil-Heckel-Str. 89;16233;Potsdam;DE;+49-999-921450;anne-marie.lautenbach@flight.example.de
000586;Cindy;Lautenbach;Mrs.;rue Nieuport 51;06130;Grasse;FR;+33-297-906785;cindy.lautenbach@flight.example.fr
000587;Harish;Lautenbach;Mr.;Poklukarjeva 3;1000;Ljubljana;SI;+386-794-401393;harish.lautenbach@flight.example.si
000588;Ida;Lautenbach;Mrs.;Im Warmet 60;66386;St. Ingbert;DE;+49-217-874318;ida.lautenbach@flight.example.de
000589;Jean;Lautenbach;Mr.;Sagamore St. 49;76018;Arlington;US;+1-984-542764;jean.lautenbach@flight.example.us
000590;Irmtraut;Lautenbach;Mrs.;Am Deich 32;79104;Freiburg;DE;+49-865-481157;irmtraut.lautenbach@flight.example.de
000591;Christoph;Lautenbach;Mr.;Rankestr. 17;66464;Homburg;DE;+49-957-999972;christoph.lautenbach@flight.example.de
000592;Uli;Ryan;Mrs.;Waldmann 97;75757;Elsenz;DE;+49-359-600439;uli.ryan@flight.example.de
000593;Siegfried;Ryan;Mr.;Mutterstadter Str. 98;70111;Reutlingen;DE;+49-793-801348;siegfried.ryan@flight.example.de
000594;Illya;Ryan;Mr.;Wilhelminentr. 24;69121;Heidelberg;DE;+49-713-208948;illya.ryan@flight.example.de
000595;Juan;Ryan;Mr.;Piedad 72;28020;Madrid;ES;+34-337-169615;juan.ryan@flight.example.es
000596;Salvador;Ryan;Mr.;Pza. Pablo Ruiz Picasso 75;41006;Sevilla;ES;+34-807-004389;salvador.ryan@flight.example.es
000597;Cindy;Ryan;Mrs.;Voodoo Avenue 51;76018;Arlington;US;+1-677-395305;cindy.ryan@flight.example.us
000598;Ludwig;Ryan;Mr.;Max-Planck-Str. 33;79104;Freiburg;DE;+49-691-202354;ludwig.ryan@flight.example.de
000599;Chantal;Ryan;Mrs.;rue Voltaire 48;B - 1030;Bruxelles;BE;+32-743-256998;chantal.ryan@flight.example.be
000600;Irmtraut;Ryan;Mrs.;Im Warmet 32;79104;Freiburg;DE;+49-834-328698;irmtraut.ryan@flight.example.de
000601;Felix;Ryan;Mr.;Akazienweg 6;55128;Mainz;DE;+49-969-992407;felix.ryan@flight.example.de
000602;Hendrik;Prinz;Mr.;Windstone Drive 96;63728;New Orleans;US;+1-686-355306;hendrik.prinz@flight.example.us
000603;Florian;Prinz;Mr.;Sagamore St. 69;17758;N. Massapequa;US;+1-178-994509;florian.prinz@flight.example.us
000604;Irene;Prinz;Mrs.;Wilhelminentr. 54;69483;Wald-Michelbach;DE;+49-736-530372;irene.prinz@flight.example.de
000605;Volker;Prinz;Mr.;Meerfeldstr. 5;86343;Koenigsbrunn;DE;+49-607-727808;volker.prinz@flight.example.de
000606;Peter;Prinz;Mr.;Goeckinghofstr. 88;16233;Potsdam;DE;+49-519-518833;peter.prinz@flight.example.de
000607;Felix;Prinz;Mr.;Hauptstr. 8;55128;Mainz;DE;+49-205-551054;felix.prinz@flight.example.de
000608;Benjamin;Prinz;Mr.;route de Pégomas 94;75839;Paris;FR;+33-722-645204;benjamin.prinz@flight.example.fr
000609;Pierre;Prinz;Mr.;Karl-Schwaner-Str. 53;27299;Langwedel;DE;+49-898-540050;pierre.prinz@flight.example.de
000610;Guillermo;Prinz;Mr.;Windstone Drive 67;17758;N. Massapequa;US;+1-537-284191;guillermo.prinz@flight.example.us
000611;Thilo;Deichgraeber;Mr.;Sagamore St. 10;17844;Washington;US;+1-607-833335;thilo.deichgraeber@flight.example.us
000612;Christa;Deichgraeber;Mrs.;Stiftsbogen 29;69207;Kurt;DE;+49-360-316335;christa.deichgraeber@flight.example.de
000613;Theresia;Deichgraeber;Mrs.;Windstone Drive 82;60657;Chicago;US;+1-361-727279;theresia.deichgraeber@flight.example.us
000614;Felix;Deichgraeber;Mr.;Leichhof 7;55128;Mainz;DE;+49-752-093813;felix.deichgraeber@flight.example.de
000615;Theresia;Deichgraeber;Mrs.;17th St. 82;60657;Chicago;US;+1-988-455839;theresia.deichgraeber@flight.example.us
000616;Illya;Deichgraeber;Mr.;Muehltalstr. 24;69121;Heidelberg;DE;+49-964-734561;illya.deichgraeber@flight.example.de
000617;Juan;Deichgraeber;Mr.;Im Warmet 73;69180;Wiesloch;DE;+49-730-498017;juan.deichgraeber@flight.example.de
000618;Ulla;Deichgraeber;Mrs.;Pza. Pablo Ruiz Picasso 71;28020;Madrid;ES;+34-895-949494;ulla.deichgraeber@flight.example.es
000619;Johann;Deichgraeber;Mr.;Emil-Heckel-Str. 15;68789;St. Leon-Rot;DE;+49-196-238487;johann.deichgraeber@flight.example.de
000620;Stephen;Pan;Mr.;Ausserhalb 20;69190;Walldorf;DE;+49-448-116688;stephen.pan@flight.example.de
000621;Lee;Pan;Mr.;17th St. 66;17758;N. Massapequa;US;+1-743-879442;lee.pan@flight.example.us
000622;Walter;Pan;Mr.;Im Warmet 43;68163;Mannheim-Lindenhof;DE;+49-156-408845;walter.pan@flight.example.de
000623;Pierre;Pan;Mr.;route de Pégomas 52;06130;Grasse;FR;+33-267-503728;pierre.pan@flight.example.fr
000624;Benjamin;Pan;Mr.;Rue Balzac 94;75839;Paris;FR;+33-520-203307;benjamin.pan@flight.example.fr
000625;Siegfried;Pan;Mr.;Akazienweg 98;70111;Reutlingen;DE;+49-816-492943;siegfried.pan@flight.example.de
000626;Johannes;Pan;Mr.;Froschstr. 15;68789;St. Leon-Rot;DE;+49-333-864392;johannes.pan@flight.example.de
000627;Allen;Pan;Mr.;Sagamore St. 65;07666;Teaneck;US;+1-584-311748;allen.pan@flight.example.us
000628;Allen;Pan;Mr.;17th St. 65;07666;Teaneck;US;+1-566-331438;allen.pan@flight.example.us
000629;Ruth;Pan;Mrs.;Gartenstr. 81;71116;Gaertringen;DE;+49-693-533249;ruth.pan@flight.example.de
000630;Chantal;Pan;Mrs.;rue Voltaire 48;B - 1030;Bruxelles;BE;+32-384-928395;chantal.pan@flight.example.be
000631;Claire;Pan;Mrs.;route de Pégomas 46;78140;Vélizy;FR;+33-721-293991;claire.pan@flight.example.fr
000632;Sophie;Lindwurm;Mrs.;rue Nieuport 44;78140;Vélizy;FR;+33-332-644299;sophie.lindwurm@flight.example.fr
000633;Walter;Lindwurm;Mr.;rue Nieuport 44;78140;Vélizy;FR;+33-285-258267;walter.lindwurm@flight.example.fr
000634;Illya;Lindwurm;Mr.;Akazienweg 25;63150;Heusenstamm;DE;+49-808-678684;illya.lindwurm@flight.example.de
000635;Theresia;Lindwurm;Mrs.;Federal Avenue 83;60657;Chicago;US;+1-204-918864;theresia.lindwurm@flight.example.us
000636;Cindy;Lindwurm;Mrs.;rue Nieuport 51;06130;Grasse;FR;+33-711-499896;cindy.lindwurm@flight.example.fr
000637;Kristina;Lindwurm;Mrs.;Voodoo Avenue 9;17844;Washington;US;+1-217-883636;kristina.lindwurm@flight.example.us
000638;James;Kirk;Mr.;Auf dem Huegel 91;90419;Nuernberg;DE;+49-645-430647;james.kirk@flight.example.de
000639;Johannes;Kirk;Mr.;Marktplatz 14;68723;Schwetzingen;DE;+49-202-132740;johannes.kirk@flight.example.de
000640;Kristina;Kirk;Mrs.;Albert-Schweitzer-Str. 8;11111;Berlin;DE;+49-459-833110;kristina.kirk@flight.example.de
000641;Christoph;Kirk;Mr.;Erlengrund 18;69231;Rauenberg;DE;+49-244-915497;christoph.kirk@flight.example.de
000642;Juan;Kirk;Mr.;Fuenlabrada 72;28020;Madrid;ES;+34-614-097507;juan.kirk@flight.example.es
000643;Horst;Kirk;Mr.;Franz-Marc-Str. 40;67105;Schifferstadt;DE;+49-867-927702;horst.kirk@flight.example.de
000644;Roland;Picard;Mr.;Dudweilerstr. 62;76137;Karlsruhe;DE;+49-931-838954;roland.picard@flight.example.de
000645;Thomas;Picard;Mr.;Lake Shore Drive 84;60657;Chicago;US;+1-585-525344;thomas.picard@flight.example.us
000646;Stephen;Picard;Mr.;Muehltalstr. 19;69190;Walldorf;DE;+49-989-293950;stephen.picard@flight.example.de
000647;Ruth;Picard;Mrs.;Stauboernchenstrasse 81;71116;Gaertringen;DE;+49-652-596637;ruth.picard@flight.example.de
000648;Matthias;Picard;Mr.;Max-Planck-Str. 40;67105;Schifferstadt;DE;+49-361-839019;matthias.picard@flight.example.de
000649;Felix;Picard;Mr.;Gartenstr. 7;55128;Mainz;DE;+49-940-848700;felix.picard@flight.example.de
000650;Christa;Picard;Mrs.;Rankestr. 28;64283;Darmstadt;DE;+49-746-570906;christa.picard@flight.example.de
000651;Matthias;Picard;Mr.;Melissenstr. 40;67105;Schifferstadt;DE;+49-352-146668;matthias.picard@flight.example.de
000652;Anneliese;Sisko;Mrs.;Friedensallee 86;23056;Buxtehude;DE;+49-160-895214;anneliese.sisko@flight.example.de
000653;Irene;Sisko;Mrs.;Wilhelminentr. 53;27299;Langwedel;DE;+49-640-599290;irene.sisko@flight.example.de
000654;James;Sisko;Mr.;Sagamore St. 91;22334;San Francisco;US;+1-615-668635;james.sisko@flight.example.us
000655;Amelie;Sisko;Mrs.;Hauptstr. 42;68163;Mannheim-Lindenhof;DE;+49-167-795926;amelie.sisko@flight.example.de
000656;Roland;Sisko;Mr.;Dudweilerstr. 62;76137;Karlsruhe;DE;+49-890-911707;roland.sisko@flight.example.de
000657;Lee;Sisko;Mr.;Sagamore St. 66;07666;Teaneck;US;+1-763-850683;lee.sisko@flight.example.us
000658;Andreas;Sisko;Mr.;Lerchenstr. 19;69190;Walldorf;DE;+49-763-657423;andreas.sisko@flight.example.de
000659;Achim;Sisko;Mr.;Alte Reichsstr. 63;76137;Karlsruhe;DE;+49-478-960431;achim.sisko@flight.example.de
000660;Pierre;Sisko;Mr.;rue Nieuport 52;06130;Grasse;FR;+33-247-404084;pierre.sisko@flight.example.fr
000661;Holm;Sisko;Mr.;Carl-Metz Strasse 30;69207;Kurt;DE;+49-822-083087;holm.sisko@flight.example.de
000662;Theresia;Sisko;Mrs.;Federal Avenue 83;60657;Chicago;US;+1-955-043878;theresia.sisko@flight.example.us
000663;Walter;Sisko;Mr.;Gemeindestr. 44;68163;Mannheim-Lindenhof;DE;+49-839-388600;walter.sisko@flight.example.de
000664;Kurt;Madeira;Mr.;Jacobistrasse 36;68753;Amelie;DE;+49-791-540181;kurt.madeira@flight.example.de
000665;Harish;Madeira;Mr.;Emil-Heckel-Str. 2;23496;Dielheim;DE;+49-904-972889;harish.madeira@flight.example.de
000666;Theresia;Madeira;Mrs.;Federal Avenue 82;60657;Chicago;US;+1-547-621714;theresia.madeira@flight.example.us
000667;Siegfried;Madeira;Mr.;Carl-Metz Strasse 99;70111;Reutlingen;DE;+49-379-250550;siegfried.madeira@flight.example.de
000668;Holm;Madeira;Mr.;Franz-Marc-Str. 30;69207;Kurt;DE;+49-897-270678;holm.madeira@flight.example.de
000669;Christoph;Madeira;Mr.;Rankestr. 17;66464;Homburg;DE;+49-476-991858;christoph.madeira@flight.example.de
000670;Christoph;Madeira;Mr.;Arndtstrasse 18;69231;Rauenberg;DE;+49-612-975333;christoph.madeira@flight.example.de
000671;Andrej;Madeira;Mr.;Oak Street 11;17844;Washington;US;+1-334-513451;andrej.madeira@flight.example.us
000672;Cindy;Madeira;Mrs.;Windstone Drive 50;76018;Arlington;US;+1-823-245087;cindy.madeira@flight.example.us
000673;Guenther;Madeira;Mr.;Stiftsbogen 38;68163;Mannheim;DE;+49-596-961742;guenther.madeira@flight.example.de
000674;Stephen;Madeira;Mr.;Ausserhalb 20;69190;Walldorf;DE;+49-610-074417;stephen.madeira@flight.example.de
000675;Stephen;Madeira;Mr.;Hauptstr. 20;58332;Schwelm;DE;+49-793-172335;stephen.madeira@flight.example.de
000676;Anneliese;Madeira;Mrs.;Mutterstadter Str. 87;23056;Buxtehude;DE;+49-978-475253;anneliese.madeira@flight.example.de
000677;Jean;Meier;Mr.;Federal Avenue 49;76018;Arlington;US;+1-683-929795;jean.meier@flight.example.us
000678;Mathilde;Meier;Mrs.;Lerchenstr. 21;58332;Schwelm;DE;+49-907-882789;mathilde.meier@flight.example.de
000679;Laura;Meier;Mrs.;Am Deich 34;79312;Emmendingen;DE;+49-155-332943;laura.meier@flight.example.de
000680;Roland;Meier;Mr.;Arndtstrasse 62;79761;Waldshut;DE;+49-876-092118;roland.meier@flight.example.de
000681;Hendrik;Meier;Mr.;Windstone Drive 96;63728;New Orleans;US;+1-875-261296;hendrik.meier@flight.example.us
000682;Peter;Rahn;Mr.;Stauboernchenstrasse 88;16233;Potsdam;DE;+49-324-245158;peter.rahn@flight.example.de
000683;Jean-Luc;Rahn;Mr.;17th St. 93;22334;San Francisco;US;+1-681-541749;jean-luc.rahn@flight.example.us
000684;Matthias;Rahn;Mr.;Lerchenstr. 40;67105;Schifferstadt;DE;+49-546-734694;matthias.rahn@flight.example.de
000685;Jasmin;Rahn;Mrs.;Mutterstadter Str. 6;55128;Mainz;DE;+49-712-336197;jasmin.rahn@flight.example.de
000686;Hendrik;Rahn;Mr.;Lake Shore Drive 95;63728;New Orleans;US;+1-768-909651;hendrik.rahn@flight.example.us
000687;Marta;Rahn;Mrs.;Fuenlabrada 74;08014;Barcelona;ES;+34-803-741970;marta.rahn@flight.example.es
000688;Christoph;Rahn;Mr.;Rankestr. 17;66464;Homburg;DE;+49-807-404382;christoph.rahn@flight.example.de
000689;Gisela;Rahn;Mrs.;Muehltalstr. 27;64283;Darmstadt;DE;+49-810-885567;gisela.rahn@flight.example.de
000690;Siegfried;Leisert;Mr.;Akazienweg 98;70111;Reutlingen;DE;+49-354-483026;siegfried.leisert@flight.example.de
000691;Walter;Leisert;Mr.;Im Warmet 43;68163;Mannheim-Lindenhof;DE;+49-227-379136;walter.leisert@flight.example.de
000692;Fabio;Leisert;Mr.;Melissenstr. 57;81375;Muenchen;DE;+49-268-921137;fabio.leisert@flight.example.de
000693;Adam;Leisert;Mr.;Via Giulio Cesare 55;00195;Roma;IT;+39-405-319565;adam.leisert@flight.example.it
000694;Ida;Leisert;Mrs.;Gemeindestr. 60;79761;Waldshut;DE;+49-680-623738;ida.leisert@flight.example.de
000695;Hendrik;Leisert;Mr.;rue Nieuport 95;75839;Paris;FR;+33-641-194480;hendrik.leisert@flight.example.fr
000696;Johannes;Leisert;Mr.;Marktplatz 14;68723;Schwetzingen;DE;+49-143-245846;johannes.leisert@flight.example.de
000697;Amelie;Leisert;Mrs.;Rankestr. 42;68163;Mannheim-Lindenhof;DE;+49-287-058310;amelie.leisert@flight.example.de
000698;Lothar;Müller;Mr.;Arndtstrasse 57;67663;Kaiserslautern;DE;+49-375-673974;lothar.müller@flight.example.de
000699;Siegfried;Müller;Mr.;Carl-Metz Strasse 99;70111;Reutlingen;DE;+49-691-642556;siegfried.müller@flight.example.de
000700;Fabio;Müller;Mr.;Raupelsweg 56;81375;Muenchen;DE;+49-862-942551;fabio.müller@flight.example.de
000701;Holm;Müller;Mr.;Karl-Schwaner-Str. 31;69207;Kurt;DE;+49-968-734953;holm.müller@flight.example.de
000702;Irmtraut;Müller;Mrs.;Am Deich 32;79104;Freiburg;DE;+49-245-975798;irmtraut.müller@flight.example.de
000703;Ulla;Müller;Mrs.;Camelias 71;28020;Madrid;ES;+34-234-964496;ulla.müller@flight.example.es
000704;Anna;Müller;Mrs.;Hasnerstrasse 13;4020;Linz;AT;+43-872-168332;anna.müller@flight.example.at
000705;Lee;Müller;Mr.;Windstone Drive 67;17758;N. Massapequa;US;+1-801-622109;lee.müller@flight.example.us
000706;Marta;Müller;Mrs.;Mutterstadter Str. 74;69180;Wiesloch;DE;+49-451-223185;marta.müller@flight.example.de
000707;Adam;Müller;Mr.;Schillerstr. 54;69483;Wald-Michelbach;DE;+49-567-977195;adam.müller@flight.example.de
000708;Illya;Müller;Mr.;Caspar-David-Friedrich-Str. 25;63150;Heusenstamm;DE;+49-989-474646;illya.müller@flight.example.de
000709;Ulla;Müller;Mrs.;17th St. 70;09765;Boulder;US;+1-470-191635;ulla.müller@flight.example.us
000710;Theresia;Müller;Mrs.;Sagamore St. 83;60657;Chicago;US;+1-903-398288;theresia.müller@flight.example.us
000711;Lee;Müller;Mr.;Windstone Drive 67;17758;N. Massapequa;US;+1-858-021563;lee.müller@flight.example.us
000712;Andreas;Mustermann;Mr.;Froschstr. 19;69190;Walldorf;DE;+49-719-181871;andreas.mustermann@flight.example.de
000713;Andreas;Mustermann;Mr.;Hauptstr. 18;69231;Rauenberg;DE;+49-392-135277;andreas.mustermann@flight.example.de
000714;Irmtraut;Mustermann;Mrs.;Mutterstadter Str. 32;79104;Freiburg;DE;+49-856-018286;irmtraut.mustermann@flight.example.de
000715;Anna;Mustermann;Mrs.;Hasnerstrasse 13;4020;Linz;AT;+43-741-854127;anna.mustermann@flight.example.at
000716;Peter;Mustermann;Mr.;Gruenlingweg 89;16233;Potsdam;DE;+49-903-877060;peter.mustermann@flight.example.de
000717;Max;Becker;Mr.;Ausserhalb 100;15344;Strausberg;DE;+49-787-695819;max.becker@flight.example.de
000718;Guillermo;Becker;Mr.;Sagamore St. 68;17758;N. Massapequa;US;+1-862-684893;guillermo.becker@flight.example.us
000719;Christoph;Becker;Mr.;Arndtstrasse 18;69231;Rauenberg;DE;+49-311-915810;christoph.becker@flight.example.de
000720;Salvador;Becker;Mr.;Fuenlabrada 74;08014;Barcelona;ES;+34-793-525505;salvador.becker@flight.example.es
000721;Volker;Becker;Mr.;Im Warmet 4;86343;Koenigsbrunn;DE;+49-912-656991;volker.becker@flight.example.de
000722;Felix;Becker;Mr.;Arndtstrasse 7;55128;Mainz;DE;+49-209-402216;felix.becker@flight.example.de
000723;Fabio;Fischer;Mr.;Lerchenstr. 57;81375;Muenchen;DE;+49-516-390593;fabio.fischer@flight.example.de
000724;Johannes;Fischer;Mr.;Marktplatz 14;68723;Schwetzingen;DE;+49-150-341706;johannes.fischer@flight.example.de
000725;Peter;Fischer;Mr.;Gruenlingweg 89;16233;Potsdam;DE;+49-257-783953;peter.fischer@flight.example.de
000726;Thilo;Fischer;Mr.;Federal Avenue 9;17844;Washington;US;+1-982-133043;thilo.fischer@flight.example.us
000727;Guillermo;Fischer;Mr.;Sagamore St. 67;17758;N. Massapequa;US;+1-497-672855;guillermo.fischer@flight.example.us
000728;Simon;Fischer;Mr.;Wilhelminentr. 1;23496;Dielheim;DE;+49-333-761570;simon.fischer@flight.example.de
